[{"model": "admin.logentry", "pk": 1, "fields": {"action_time": "2026-03-30T11:32:22.932Z", "user": 1, "content_type": 18, "object_id": "11", "object_repr": "Visual Studios (Tools)", "action_flag": 2, "change_message": "[{\"changed\": {\"fields\": [\"Skill name\"]}}]"}}, {"model": "admin.logentry", "pk": 2, "fields": {"action_time": "2026-03-30T11:32:34.249Z", "user": 1, "content_type": 18, "object_id": "11", "object_repr": "Visual Studio (Tools)", "action_flag": 2, "change_message": "[{\"changed\": {\"fields\": [\"Skill name\"]}}]"}}, {"model": "admin.logentry", "pk": 3, "fields": {"action_time": "2026-03-30T11:32:57.977Z", "user": 1, "content_type": 18, "object_id": "2", "object_repr": "Djangos (Backend)", "action_flag": 2, "change_message": "[{\"changed\": {\"fields\": [\"Skill name\"]}}]"}}, {"model": "admin.logentry", "pk": 4, "fields": {"action_time": "2026-03-30T11:33:10.015Z", "user": 1, "content_type": 18, "object_id": "2", "object_repr": "Django (Backend)", "action_flag": 2, "change_message": "[{\"changed\": {\"fields\": [\"Skill name\"]}}]"}}, {"model": "admin.logentry", "pk": 5, "fields": {"action_time": "2026-03-30T11:45:33.206Z", "user": 1, "content_type": 9, "object_id": "1", "object_repr": "arjunsinghjossan@gmail.com", "action_flag": 2, "change_message": "[{\"changed\": {\"fields\": [\"Location\"]}}]"}}, {"model": "admin.logentry", "pk": 6, "fields": {"action_time": "2026-03-30T11:46:31.553Z", "user": 1, "content_type": 13, "object_id": "1", "object_repr": "Hi, I'm Arjun Singh", "action_flag": 2, "change_message": "[{\"changed\": {\"fields\": [\"Headline image\"]}}]"}}, {"model": "admin.logentry", "pk": 7, "fields": {"action_time": "2026-03-30T11:47:06.680Z", "user": 1, "content_type": 13, "object_id": "1", "object_repr": "Hi, I'm Arjun Singh", "action_flag": 2, "change_message": "[{\"changed\": {\"fields\": [\"Headline image\"]}}]"}}, {"model": "admin.logentry", "pk": 8, "fields": {"action_time": "2026-03-30T11:47:41.911Z", "user": 1, "content_type": 7, "object_id": "1", "object_repr": "Building practical software with a product and systems mindset", "action_flag": 2, "change_message": "[{\"changed\": {\"fields\": [\"Profile image\"]}}]"}}, {"model": "admin.logentry", "pk": 9, "fields": {"action_time": "2026-03-30T11:47:54.710Z", "user": 1, "content_type": 7, "object_id": "1", "object_repr": "Building practical software with a product and systems mindset", "action_flag": 2, "change_message": "[{\"changed\": {\"fields\": [\"Profile image\"]}}]"}}, {"model": "admin.logentry", "pk": 10, "fields": {"action_time": "2026-03-30T13:57:38.850Z", "user": 1, "content_type": 14, "object_id": "1", "object_repr": "Company Website", "action_flag": 2, "change_message": "[{\"changed\": {\"fields\": [\"Project image\"]}}]"}}, {"model": "admin.logentry", "pk": 11, "fields": {"action_time": "2026-03-30T13:58:20.683Z", "user": 1, "content_type": 14, "object_id": "1", "object_repr": "Company Website", "action_flag": 2, "change_message": "[{\"changed\": {\"fields\": [\"Project url\"]}}]"}}, {"model": "admin.logentry", "pk": 12, "fields": {"action_time": "2026-03-30T13:58:55.853Z", "user": 1, "content_type": 14, "object_id": "1", "object_repr": "Company Website", "action_flag": 2, "change_message": "[]"}}, {"model": "admin.logentry", "pk": 13, "fields": {"action_time": "2026-03-30T14:31:39.733Z", "user": 1, "content_type": 10, "object_id": "1", "object_repr": "Arjun Singh - xxz", "action_flag": 3, "change_message": ""}}, {"model": "admin.logentry", "pk": 14, "fields": {"action_time": "2026-03-30T14:38:41.371Z", "user": 1, "content_type": 10, "object_id": "3", "object_repr": "Arjun Singh - vhv", "action_flag": 3, "change_message": ""}}, {"model": "admin.logentry", "pk": 15, "fields": {"action_time": "2026-03-30T14:38:41.371Z", "user": 1, "content_type": 10, "object_id": "2", "object_repr": "Arjun Singh - xxz", "action_flag": 3, "change_message": ""}}, {"model": "admin.logentry", "pk": 16, "fields": {"action_time": "2026-03-30T14:39:42.326Z", "user": 1, "content_type": 10, "object_id": "4", "object_repr": "Arjun Singh - xxz", "action_flag": 3, "change_message": ""}}, {"model": "admin.logentry", "pk": 17, "fields": {"action_time": "2026-03-31T05:56:44.640Z", "user": 1, "content_type": 13, "object_id": "1", "object_repr": "Hi, I'm Arjun Singh", "action_flag": 2, "change_message": "[{\"changed\": {\"fields\": [\"Cta button text\"]}}]"}}, {"model": "admin.logentry", "pk": 18, "fields": {"action_time": "2026-03-31T05:56:57.491Z", "user": 1, "content_type": 13, "object_id": "1", "object_repr": "Hi, I'm Arjun Singh", "action_flag": 2, "change_message": "[{\"changed\": {\"fields\": [\"Cta button text\", \"Is active\"]}}]"}}, {"model": "admin.logentry", "pk": 19, "fields": {"action_time": "2026-03-31T05:57:09.694Z", "user": 1, "content_type": 13, "object_id": "1", "object_repr": "Hi, I'm Arjun Singh", "action_flag": 2, "change_message": "[{\"changed\": {\"fields\": [\"Is active\"]}}]"}}, {"model": "admin.logentry", "pk": 20, "fields": {"action_time": "2026-03-31T05:57:27.756Z", "user": 1, "content_type": 13, "object_id": "1", "object_repr": "Hi, I'm Arjun Singh Jossan", "action_flag": 2, "change_message": "[{\"changed\": {\"fields\": [\"Title\"]}}]"}}, {"model": "admin.logentry", "pk": 21, "fields": {"action_time": "2026-03-31T05:59:29.145Z", "user": 1, "content_type": 13, "object_id": "1", "object_repr": "Hi, I'm Arjun Singh", "action_flag": 2, "change_message": "[{\"changed\": {\"fields\": [\"Title\", \"Secondary button url\"]}}]"}}, {"model": "admin.logentry", "pk": 22, "fields": {"action_time": "2026-03-31T06:00:01.025Z", "user": 1, "content_type": 13, "object_id": "1", "object_repr": "Hi, I'm Arjun Singh", "action_flag": 2, "change_message": "[]"}}, {"model": "admin.logentry", "pk": 23, "fields": {"action_time": "2026-03-31T06:00:08.997Z", "user": 1, "content_type": 13, "object_id": "1", "object_repr": "Hi, I'm Arjun Singh", "action_flag": 2, "change_message": "[{\"changed\": {\"fields\": [\"Secondary button url\"]}}]"}}, {"model": "admin.logentry", "pk": 24, "fields": {"action_time": "2026-03-31T06:00:21.787Z", "user": 1, "content_type": 13, "object_id": "1", "object_repr": "Hi, I'm Arjun Singh", "action_flag": 2, "change_message": "[{\"changed\": {\"fields\": [\"Secondary button url\"]}}]"}}, {"model": "admin.logentry", "pk": 25, "fields": {"action_time": "2026-03-31T06:00:48.951Z", "user": 1, "content_type": 13, "object_id": "1", "object_repr": "Hi, I'm Arjun Singh", "action_flag": 2, "change_message": "[{\"changed\": {\"fields\": [\"Headline image\"]}}]"}}, {"model": "admin.logentry", "pk": 26, "fields": {"action_time": "2026-03-31T06:02:14.346Z", "user": 1, "content_type": 13, "object_id": "1", "object_repr": "Hi, I'm Arjun Singh", "action_flag": 2, "change_message": "[{\"changed\": {\"fields\": [\"Headline image\"]}}]"}}, {"model": "admin.logentry", "pk": 27, "fields": {"action_time": "2026-03-31T06:02:37.461Z", "user": 1, "content_type": 13, "object_id": "1", "object_repr": "Hi, I'm Arjun Singh", "action_flag": 2, "change_message": "[{\"changed\": {\"fields\": [\"Headline image\"]}}]"}}, {"model": "admin.logentry", "pk": 28, "fields": {"action_time": "2026-03-31T06:03:50.014Z", "user": 1, "content_type": 13, "object_id": "1", "object_repr": "Hi, I'm Arjun Singh", "action_flag": 2, "change_message": "[{\"changed\": {\"fields\": [\"Headline image\"]}}]"}}, {"model": "admin.logentry", "pk": 29, "fields": {"action_time": "2026-03-31T06:05:49.345Z", "user": 1, "content_type": 13, "object_id": "1", "object_repr": "Hi, I'm Arjun Singh", "action_flag": 2, "change_message": "[{\"changed\": {\"fields\": [\"Headline image\"]}}]"}}, {"model": "admin.logentry", "pk": 30, "fields": {"action_time": "2026-03-31T06:06:13.687Z", "user": 1, "content_type": 13, "object_id": "1", "object_repr": "Hi, I'm Arjun Singh", "action_flag": 2, "change_message": "[{\"changed\": {\"fields\": [\"Headline image\"]}}]"}}, {"model": "admin.logentry", "pk": 31, "fields": {"action_time": "2026-03-31T06:12:11.857Z", "user": 1, "content_type": 13, "object_id": "1", "object_repr": "Hi, I'm Arjun Singh", "action_flag": 2, "change_message": "[{\"changed\": {\"fields\": [\"Is active\"]}}]"}}, {"model": "admin.logentry", "pk": 32, "fields": {"action_time": "2026-03-31T06:12:25.487Z", "user": 1, "content_type": 13, "object_id": "1", "object_repr": "Hi, I'm Arjun Singh", "action_flag": 2, "change_message": "[{\"changed\": {\"fields\": [\"Is active\"]}}]"}}, {"model": "admin.logentry", "pk": 33, "fields": {"action_time": "2026-03-31T06:13:01.919Z", "user": 1, "content_type": 13, "object_id": "1", "object_repr": "Hi, I'm Arjun Singh", "action_flag": 2, "change_message": "[{\"changed\": {\"fields\": [\"Cover label\", \"Cover heading\", \"Cover caption\"]}}]"}}, {"model": "admin.logentry", "pk": 34, "fields": {"action_time": "2026-03-31T06:13:11.364Z", "user": 1, "content_type": 13, "object_id": "1", "object_repr": "Hi, I'm Arjun Singh", "action_flag": 2, "change_message": "[{\"changed\": {\"fields\": [\"Cover label\"]}}]"}}, {"model": "admin.logentry", "pk": 35, "fields": {"action_time": "2026-03-31T06:13:33.349Z", "user": 1, "content_type": 13, "object_id": "1", "object_repr": "Hi, I'm Arjun Singh", "action_flag": 2, "change_message": "[{\"changed\": {\"fields\": [\"Cover label\", \"Cover heading\", \"Cover caption\"]}}]"}}, {"model": "admin.logentry", "pk": 36, "fields": {"action_time": "2026-03-31T06:13:58.864Z", "user": 1, "content_type": 13, "object_id": "1", "object_repr": "Hi, I'm Arjun Singh", "action_flag": 2, "change_message": "[{\"changed\": {\"fields\": [\"Cover label\"]}}]"}}, {"model": "admin.logentry", "pk": 37, "fields": {"action_time": "2026-03-31T06:15:33.329Z", "user": 1, "content_type": 13, "object_id": "1", "object_repr": "Hi, I'm Arjun Singh", "action_flag": 2, "change_message": "[{\"changed\": {\"fields\": [\"Secondary button text\", \"Secondary button url\"]}}]"}}, {"model": "admin.logentry", "pk": 38, "fields": {"action_time": "2026-03-31T06:15:48.385Z", "user": 1, "content_type": 13, "object_id": "1", "object_repr": "Hi, I'm Arjun Singh", "action_flag": 2, "change_message": "[]"}}, {"model": "admin.logentry", "pk": 39, "fields": {"action_time": "2026-03-31T06:16:08.239Z", "user": 1, "content_type": 13, "object_id": "1", "object_repr": "Hi, I'm Arjun Singh", "action_flag": 2, "change_message": "[{\"changed\": {\"fields\": [\"Cover label\"]}}]"}}, {"model": "admin.logentry", "pk": 40, "fields": {"action_time": "2026-03-31T06:17:06.605Z", "user": 1, "content_type": 13, "object_id": "1", "object_repr": "Hi, I'm Arjun Singh", "action_flag": 2, "change_message": "[{\"changed\": {\"fields\": [\"Cover caption\", \"Cover style\"]}}]"}}, {"model": "admin.logentry", "pk": 41, "fields": {"action_time": "2026-03-31T06:17:33.413Z", "user": 1, "content_type": 13, "object_id": "1", "object_repr": "Hi, I'm Arjun Singh", "action_flag": 2, "change_message": "[{\"changed\": {\"fields\": [\"Cover heading\"]}}]"}}, {"model": "admin.logentry", "pk": 42, "fields": {"action_time": "2026-03-31T06:17:41.002Z", "user": 1, "content_type": 13, "object_id": "1", "object_repr": "Hi, I'm Arjun Singh", "action_flag": 2, "change_message": "[{\"changed\": {\"fields\": [\"Cover style\"]}}]"}}, {"model": "admin.logentry", "pk": 43, "fields": {"action_time": "2026-03-31T06:17:52.013Z", "user": 1, "content_type": 13, "object_id": "1", "object_repr": "Hi, I'm Arjun Singh", "action_flag": 2, "change_message": "[{\"changed\": {\"fields\": [\"Cover style\"]}}]"}}, {"model": "admin.logentry", "pk": 44, "fields": {"action_time": "2026-03-31T06:18:13.039Z", "user": 1, "content_type": 13, "object_id": "1", "object_repr": "Hi, I'm Arjun Singh", "action_flag": 2, "change_message": "[{\"changed\": {\"fields\": [\"Cover style\"]}}]"}}, {"model": "admin.logentry", "pk": 45, "fields": {"action_time": "2026-03-31T06:18:35.280Z", "user": 1, "content_type": 13, "object_id": "1", "object_repr": "Hi, I'm Arjun Singh", "action_flag": 2, "change_message": "[{\"changed\": {\"fields\": [\"Cover style\"]}}]"}}, {"model": "admin.logentry", "pk": 46, "fields": {"action_time": "2026-03-31T06:21:57.751Z", "user": 1, "content_type": 13, "object_id": "1", "object_repr": "Hi, I'm Arjun Singh", "action_flag": 2, "change_message": "[{\"changed\": {\"fields\": [\"Secondary button text\", \"Secondary button url\"]}}]"}}, {"model": "admin.logentry", "pk": 47, "fields": {"action_time": "2026-03-31T06:24:06.466Z", "user": 1, "content_type": 13, "object_id": "1", "object_repr": "Hi, I'm Arjun Singh", "action_flag": 2, "change_message": "[{\"changed\": {\"fields\": [\"Cover label font\", \"Cover heading font\", \"Cover caption font\"]}}]"}}, {"model": "admin.logentry", "pk": 48, "fields": {"action_time": "2026-03-31T06:24:19.278Z", "user": 1, "content_type": 13, "object_id": "1", "object_repr": "Hi, I'm Arjun Singh", "action_flag": 2, "change_message": "[{\"changed\": {\"fields\": [\"Cover heading font\"]}}]"}}, {"model": "admin.logentry", "pk": 49, "fields": {"action_time": "2026-03-31T06:24:27.878Z", "user": 1, "content_type": 13, "object_id": "1", "object_repr": "Hi, I'm Arjun Singh", "action_flag": 2, "change_message": "[{\"changed\": {\"fields\": [\"Cover style\"]}}]"}}, {"model": "admin.logentry", "pk": 50, "fields": {"action_time": "2026-03-31T06:24:42.995Z", "user": 1, "content_type": 13, "object_id": "1", "object_repr": "Hi, I'm Arjun Singh", "action_flag": 2, "change_message": "[{\"changed\": {\"fields\": [\"Cover heading font\"]}}]"}}, {"model": "admin.logentry", "pk": 51, "fields": {"action_time": "2026-03-31T06:24:53.831Z", "user": 1, "content_type": 13, "object_id": "1", "object_repr": "Hi, I'm Arjun Singh", "action_flag": 2, "change_message": "[{\"changed\": {\"fields\": [\"Cover heading font\"]}}]"}}, {"model": "admin.logentry", "pk": 52, "fields": {"action_time": "2026-03-31T06:25:05.095Z", "user": 1, "content_type": 13, "object_id": "1", "object_repr": "Hi, I'm Arjun Singh", "action_flag": 2, "change_message": "[{\"changed\": {\"fields\": [\"Cover style\"]}}]"}}, {"model": "admin.logentry", "pk": 53, "fields": {"action_time": "2026-03-31T06:25:17.742Z", "user": 1, "content_type": 13, "object_id": "1", "object_repr": "Hi, I'm Arjun Singh", "action_flag": 2, "change_message": "[{\"changed\": {\"fields\": [\"Cover caption font\"]}}]"}}, {"model": "admin.logentry", "pk": 54, "fields": {"action_time": "2026-03-31T06:25:27.792Z", "user": 1, "content_type": 13, "object_id": "1", "object_repr": "Hi, I'm Arjun Singh", "action_flag": 2, "change_message": "[{\"changed\": {\"fields\": [\"Cover style\"]}}]"}}, {"model": "admin.logentry", "pk": 55, "fields": {"action_time": "2026-03-31T06:25:36.075Z", "user": 1, "content_type": 13, "object_id": "1", "object_repr": "Hi, I'm Arjun Singh", "action_flag": 2, "change_message": "[{\"changed\": {\"fields\": [\"Cover style\"]}}]"}}, {"model": "admin.logentry", "pk": 56, "fields": {"action_time": "2026-03-31T06:25:49.374Z", "user": 1, "content_type": 13, "object_id": "1", "object_repr": "Hi, I'm Arjun Singh", "action_flag": 2, "change_message": "[{\"changed\": {\"fields\": [\"Cover heading font\"]}}]"}}, {"model": "admin.logentry", "pk": 57, "fields": {"action_time": "2026-03-31T06:25:58.976Z", "user": 1, "content_type": 13, "object_id": "1", "object_repr": "Hi, I'm Arjun Singh", "action_flag": 2, "change_message": "[{\"changed\": {\"fields\": [\"Cover heading font\"]}}]"}}, {"model": "admin.logentry", "pk": 58, "fields": {"action_time": "2026-03-31T06:26:06.543Z", "user": 1, "content_type": 13, "object_id": "1", "object_repr": "Hi, I'm Arjun Singh", "action_flag": 2, "change_message": "[{\"changed\": {\"fields\": [\"Cover heading font\"]}}]"}}, {"model": "admin.logentry", "pk": 59, "fields": {"action_time": "2026-03-31T06:26:13.916Z", "user": 1, "content_type": 13, "object_id": "1", "object_repr": "Hi, I'm Arjun Singh", "action_flag": 2, "change_message": "[{\"changed\": {\"fields\": [\"Cover heading font\"]}}]"}}, {"model": "admin.logentry", "pk": 60, "fields": {"action_time": "2026-03-31T06:26:21.009Z", "user": 1, "content_type": 13, "object_id": "1", "object_repr": "Hi, I'm Arjun Singh", "action_flag": 2, "change_message": "[{\"changed\": {\"fields\": [\"Cover heading font\"]}}]"}}, {"model": "admin.logentry", "pk": 61, "fields": {"action_time": "2026-03-31T06:26:35.325Z", "user": 1, "content_type": 13, "object_id": "1", "object_repr": "Hi, I'm Arjun Singh", "action_flag": 2, "change_message": "[{\"changed\": {\"fields\": [\"Cover heading offset x\"]}}]"}}, {"model": "admin.logentry", "pk": 62, "fields": {"action_time": "2026-03-31T06:26:50.251Z", "user": 1, "content_type": 13, "object_id": "1", "object_repr": "Hi, I'm Arjun Singh", "action_flag": 2, "change_message": "[{\"changed\": {\"fields\": [\"Cover heading offset x\"]}}]"}}, {"model": "admin.logentry", "pk": 63, "fields": {"action_time": "2026-03-31T06:27:08.328Z", "user": 1, "content_type": 13, "object_id": "1", "object_repr": "Hi, I'm Arjun Singh", "action_flag": 2, "change_message": "[{\"changed\": {\"fields\": [\"Cover heading offset x\"]}}]"}}, {"model": "admin.logentry", "pk": 64, "fields": {"action_time": "2026-03-31T06:31:06.040Z", "user": 1, "content_type": 13, "object_id": "1", "object_repr": "Hi, I'm Arjun Singh", "action_flag": 2, "change_message": "[{\"changed\": {\"fields\": [\"Cover text opacity\"]}}]"}}, {"model": "admin.logentry", "pk": 65, "fields": {"action_time": "2026-03-31T06:31:50.523Z", "user": 1, "content_type": 15, "object_id": "1", "object_repr": "Arjun Singh", "action_flag": 2, "change_message": "[{\"changed\": {\"fields\": [\"Logo text\"]}}]"}}, {"model": "admin.logentry", "pk": 66, "fields": {"action_time": "2026-03-31T06:32:18.004Z", "user": 1, "content_type": 15, "object_id": "1", "object_repr": "Arjun Singh", "action_flag": 2, "change_message": "[{\"changed\": {\"fields\": [\"Resume label\"]}}]"}}, {"model": "admin.logentry", "pk": 67, "fields": {"action_time": "2026-03-31T06:32:27.362Z", "user": 1, "content_type": 15, "object_id": "1", "object_repr": "Arjun Singh", "action_flag": 2, "change_message": "[{\"changed\": {\"fields\": [\"Resume label\"]}}]"}}, {"model": "admin.logentry", "pk": 68, "fields": {"action_time": "2026-03-31T06:36:11.175Z", "user": 1, "content_type": 15, "object_id": "1", "object_repr": "Arjun Singh", "action_flag": 2, "change_message": "[{\"changed\": {\"fields\": [\"Logo text\"]}}]"}}, {"model": "admin.logentry", "pk": 69, "fields": {"action_time": "2026-03-31T06:36:24.981Z", "user": 1, "content_type": 15, "object_id": "1", "object_repr": "Arjun Singh", "action_flag": 2, "change_message": "[]"}}, {"model": "admin.logentry", "pk": 70, "fields": {"action_time": "2026-03-31T06:37:11.040Z", "user": 1, "content_type": 17, "object_id": "1", "object_repr": "Baljeet Singh", "action_flag": 1, "change_message": "[{\"added\": {}}]"}}, {"model": "admin.logentry", "pk": 71, "fields": {"action_time": "2026-03-31T06:37:42.669Z", "user": 1, "content_type": 17, "object_id": "1", "object_repr": "Baljeet Singh", "action_flag": 3, "change_message": ""}}, {"model": "admin.logentry", "pk": 72, "fields": {"action_time": "2026-03-31T06:38:24.580Z", "user": 1, "content_type": 12, "object_id": "2", "object_repr": "Immigration Documentation Intern at Passion Trip Planner", "action_flag": 2, "change_message": "[]"}}, {"model": "admin.logentry", "pk": 73, "fields": {"action_time": "2026-03-31T06:38:55.695Z", "user": 1, "content_type": 12, "object_id": "1", "object_repr": "IT Supervisor at Five Nine Consultancies Pvt. Ltd.", "action_flag": 2, "change_message": "[]"}}, {"model": "admin.logentry", "pk": 74, "fields": {"action_time": "2026-03-31T06:38:58.686Z", "user": 1, "content_type": 12, "object_id": "2", "object_repr": "Immigration Documentation Intern at Passion Trip Planner", "action_flag": 2, "change_message": "[{\"changed\": {\"fields\": [\"Is current\"]}}]"}}, {"model": "admin.logentry", "pk": 75, "fields": {"action_time": "2026-03-31T06:39:09.382Z", "user": 1, "content_type": 12, "object_id": "2", "object_repr": "Immigration Documentation Intern at Passion Trip Planner", "action_flag": 2, "change_message": "[{\"changed\": {\"fields\": [\"Is current\"]}}]"}}, {"model": "admin.logentry", "pk": 76, "fields": {"action_time": "2026-03-31T06:43:51.003Z", "user": 1, "content_type": 7, "object_id": "1", "object_repr": "Building practical software with a product and systems mindset", "action_flag": 2, "change_message": "[{\"changed\": {\"fields\": [\"Profile image\"]}}]"}}, {"model": "admin.logentry", "pk": 77, "fields": {"action_time": "2026-03-31T06:46:34.886Z", "user": 1, "content_type": 9, "object_id": "1", "object_repr": "arjunsinghjossan@gmail.com", "action_flag": 2, "change_message": "[{\"changed\": {\"fields\": [\"Cv download enabled\"]}}]"}}, {"model": "admin.logentry", "pk": 78, "fields": {"action_time": "2026-03-31T06:46:47.881Z", "user": 1, "content_type": 9, "object_id": "1", "object_repr": "arjunsinghjossan@gmail.com", "action_flag": 2, "change_message": "[{\"changed\": {\"fields\": [\"Cv download enabled\"]}}]"}}, {"model": "admin.logentry", "pk": 79, "fields": {"action_time": "2026-03-31T06:55:52.930Z", "user": 1, "content_type": 11, "object_id": "1", "object_repr": "B.Tech - Lovely Professional University", "action_flag": 2, "change_message": "[{\"changed\": {\"fields\": [\"Institution logo\"]}}]"}}, {"model": "admin.logentry", "pk": 80, "fields": {"action_time": "2026-03-31T06:56:33.136Z", "user": 1, "content_type": 11, "object_id": "1", "object_repr": "B.Tech - Lovely Professional University", "action_flag": 2, "change_message": "[{\"changed\": {\"fields\": [\"Institution logo\"]}}]"}}, {"model": "admin.logentry", "pk": 81, "fields": {"action_time": "2026-03-31T14:12:17.416Z", "user": 1, "content_type": 13, "object_id": "1", "object_repr": "Hi, I'm Arjun Singh", "action_flag": 2, "change_message": "[{\"changed\": {\"fields\": [\"Cover text opacity\"]}}]"}}, {"model": "admin.logentry", "pk": 82, "fields": {"action_time": "2026-03-31T14:12:33.396Z", "user": 1, "content_type": 13, "object_id": "1", "object_repr": "Hi, I'm Arjun Singh", "action_flag": 2, "change_message": "[{\"changed\": {\"fields\": [\"Cover text opacity\"]}}]"}}, {"model": "admin.logentry", "pk": 83, "fields": {"action_time": "2026-03-31T14:12:43.562Z", "user": 1, "content_type": 13, "object_id": "1", "object_repr": "Hi, I'm Arjun Singh", "action_flag": 2, "change_message": "[{\"changed\": {\"fields\": [\"Cover text opacity\"]}}]"}}, {"model": "admin.logentry", "pk": 84, "fields": {"action_time": "2026-03-31T14:12:53.699Z", "user": 1, "content_type": 13, "object_id": "1", "object_repr": "Hi, I'm Arjun Singh", "action_flag": 2, "change_message": "[{\"changed\": {\"fields\": [\"Cover text opacity\"]}}]"}}, {"model": "admin.logentry", "pk": 85, "fields": {"action_time": "2026-03-31T14:13:03.611Z", "user": 1, "content_type": 13, "object_id": "1", "object_repr": "Hi, I'm Arjun Singh", "action_flag": 2, "change_message": "[{\"changed\": {\"fields\": [\"Cover text opacity\"]}}]"}}, {"model": "admin.logentry", "pk": 86, "fields": {"action_time": "2026-03-31T14:40:17.598Z", "user": 1, "content_type": 14, "object_id": "1", "object_repr": "Company Website", "action_flag": 2, "change_message": "[{\"changed\": {\"fields\": [\"Project image\"]}}]"}}, {"model": "admin.logentry", "pk": 87, "fields": {"action_time": "2026-03-31T14:41:18.559Z", "user": 1, "content_type": 14, "object_id": "1", "object_repr": "Company Website", "action_flag": 2, "change_message": "[{\"changed\": {\"fields\": [\"Project image\"]}}]"}}, {"model": "admin.logentry", "pk": 88, "fields": {"action_time": "2026-03-31T14:42:27.549Z", "user": 1, "content_type": 14, "object_id": "1", "object_repr": "Company Website", "action_flag": 2, "change_message": "[{\"changed\": {\"fields\": [\"Github url\"]}}]"}}, {"model": "admin.logentry", "pk": 89, "fields": {"action_time": "2026-03-31T15:25:30.480Z", "user": 1, "content_type": 14, "object_id": "2", "object_repr": "Student Performance Analysis System", "action_flag": 2, "change_message": "[{\"changed\": {\"fields\": [\"Project image\"]}}]"}}, {"model": "admin.logentry", "pk": 90, "fields": {"action_time": "2026-03-31T15:44:35.048Z", "user": 1, "content_type": 14, "object_id": "1", "object_repr": "Company Website", "action_flag": 2, "change_message": "[{\"added\": {\"name\": \"Project detail image\", \"object\": \"Company Website image 1\"}}, {\"added\": {\"name\": \"Project detail image\", \"object\": \"Company Website image 2\"}}]"}}, {"model": "admin.logentry", "pk": 91, "fields": {"action_time": "2026-03-31T15:45:46.987Z", "user": 1, "content_type": 11, "object_id": "1", "object_repr": "B.Tech - Lovely Professional University", "action_flag": 2, "change_message": "[]"}}, {"model": "admin.logentry", "pk": 92, "fields": {"action_time": "2026-04-01T04:17:40.815Z", "user": 1, "content_type": 11, "object_id": "1", "object_repr": "B.Tech - Lovely Professional University", "action_flag": 2, "change_message": "[{\"changed\": {\"fields\": [\"Institution logo\"]}}]"}}, {"model": "admin.logentry", "pk": 93, "fields": {"action_time": "2026-04-01T04:17:52.983Z", "user": 1, "content_type": 11, "object_id": "1", "object_repr": "B.Tech - Lovely Professional University", "action_flag": 2, "change_message": "[{\"changed\": {\"fields\": [\"Institution logo\"]}}]"}}, {"model": "admin.logentry", "pk": 94, "fields": {"action_time": "2026-04-01T04:18:19.339Z", "user": 1, "content_type": 11, "object_id": "1", "object_repr": "B.Tech - Lovely Professional University", "action_flag": 2, "change_message": "[{\"changed\": {\"fields\": [\"Institution logo\"]}}]"}}, {"model": "admin.logentry", "pk": 95, "fields": {"action_time": "2026-04-01T04:26:09.423Z", "user": 1, "content_type": 11, "object_id": "1", "object_repr": "B.Tech - Lovely Professional University", "action_flag": 2, "change_message": "[]"}}, {"model": "admin.logentry", "pk": 96, "fields": {"action_time": "2026-04-01T04:26:19.656Z", "user": 1, "content_type": 11, "object_id": "1", "object_repr": "B.Tech - Lovely Professional University", "action_flag": 2, "change_message": "[{\"changed\": {\"fields\": [\"Is active\"]}}]"}}, {"model": "admin.logentry", "pk": 97, "fields": {"action_time": "2026-04-01T04:26:19.656Z", "user": 1, "content_type": 11, "object_id": "2", "object_repr": "12th Standard - Guru Teg Bahadur Educational Academy", "action_flag": 2, "change_message": "[{\"changed\": {\"fields\": [\"Is active\"]}}]"}}, {"model": "admin.logentry", "pk": 98, "fields": {"action_time": "2026-04-01T04:26:29.093Z", "user": 1, "content_type": 11, "object_id": "1", "object_repr": "B.Tech - Lovely Professional University", "action_flag": 2, "change_message": "[{\"changed\": {\"fields\": [\"Is active\"]}}]"}}, {"model": "admin.logentry", "pk": 99, "fields": {"action_time": "2026-04-01T04:26:29.093Z", "user": 1, "content_type": 11, "object_id": "2", "object_repr": "12th Standard - Guru Teg Bahadur Educational Academy", "action_flag": 2, "change_message": "[{\"changed\": {\"fields\": [\"Is active\"]}}]"}}, {"model": "admin.logentry", "pk": 100, "fields": {"action_time": "2026-04-01T12:18:41.816Z", "user": 1, "content_type": 14, "object_id": "2", "object_repr": "Student Performance Analysis System", "action_flag": 2, "change_message": "[{\"changed\": {\"fields\": [\"Project url\", \"Github url\"]}}]"}}, {"model": "admin.logentry", "pk": 101, "fields": {"action_time": "2026-04-01T12:22:52.142Z", "user": 1, "content_type": 14, "object_id": "2", "object_repr": "Student Performance Analysis System", "action_flag": 2, "change_message": "[{\"changed\": {\"fields\": [\"Project image\"]}}]"}}, {"model": "admin.logentry", "pk": 102, "fields": {"action_time": "2026-04-01T12:23:54.762Z", "user": 1, "content_type": 14, "object_id": "2", "object_repr": "Student Performance Analysis System", "action_flag": 2, "change_message": "[{\"changed\": {\"fields\": [\"Project image\"]}}, {\"added\": {\"name\": \"Project detail image\", \"object\": \"Student Performance Analysis System image 3\"}}, {\"added\": {\"name\": \"Project detail image\", \"object\": \"Student Performance Analysis System image 4\"}}, {\"added\": {\"name\": \"Project detail image\", \"object\": \"Student Performance Analysis System image 5\"}}]"}}, {"model": "admin.logentry", "pk": 103, "fields": {"action_time": "2026-04-01T12:24:45.381Z", "user": 1, "content_type": 14, "object_id": "1", "object_repr": "Company Website", "action_flag": 2, "change_message": "[]"}}, {"model": "admin.logentry", "pk": 104, "fields": {"action_time": "2026-04-01T12:29:54.585Z", "user": 1, "content_type": 14, "object_id": "1", "object_repr": "Company Website", "action_flag": 2, "change_message": "[{\"changed\": {\"fields\": [\"Github url\"]}}]"}}, {"model": "admin.logentry", "pk": 105, "fields": {"action_time": "2026-04-01T13:02:00.360Z", "user": 1, "content_type": 14, "object_id": "3", "object_repr": "FitLance", "action_flag": 2, "change_message": "[{\"changed\": {\"fields\": [\"Order\"]}}]"}}, {"model": "admin.logentry", "pk": 106, "fields": {"action_time": "2026-04-01T13:02:18.956Z", "user": 1, "content_type": 14, "object_id": "2", "object_repr": "Student Performance Analysis System", "action_flag": 2, "change_message": "[{\"changed\": {\"fields\": [\"Order\"]}}]"}}, {"model": "admin.logentry", "pk": 107, "fields": {"action_time": "2026-04-01T14:41:34.179Z", "user": 1, "content_type": 14, "object_id": "3", "object_repr": "FitLance", "action_flag": 2, "change_message": "[]"}}, {"model": "admin.logentry", "pk": 108, "fields": {"action_time": "2026-04-01T14:50:41.525Z", "user": 1, "content_type": 14, "object_id": "3", "object_repr": "FitLance", "action_flag": 2, "change_message": "[{\"changed\": {\"fields\": [\"Github url\"]}}]"}}, {"model": "admin.logentry", "pk": 109, "fields": {"action_time": "2026-04-01T14:58:10.534Z", "user": 1, "content_type": 14, "object_id": "4", "object_repr": "Sweetora", "action_flag": 2, "change_message": "[{\"changed\": {\"fields\": [\"Github url\"]}}]"}}, {"model": "admin.logentry", "pk": 110, "fields": {"action_time": "2026-04-01T14:58:30.579Z", "user": 1, "content_type": 14, "object_id": "4", "object_repr": "Sweetora", "action_flag": 2, "change_message": "[]"}}, {"model": "admin.logentry", "pk": 111, "fields": {"action_time": "2026-04-01T14:58:46.039Z", "user": 1, "content_type": 14, "object_id": "3", "object_repr": "FitLance", "action_flag": 2, "change_message": "[{\"changed\": {\"fields\": [\"Order\"]}}]"}}, {"model": "admin.logentry", "pk": 112, "fields": {"action_time": "2026-04-01T14:58:46.040Z", "user": 1, "content_type": 14, "object_id": "4", "object_repr": "Sweetora", "action_flag": 2, "change_message": "[{\"changed\": {\"fields\": [\"Order\"]}}]"}}, {"model": "admin.logentry", "pk": 113, "fields": {"action_time": "2026-04-01T14:58:46.041Z", "user": 1, "content_type": 14, "object_id": "1", "object_repr": "Company Website", "action_flag": 2, "change_message": "[{\"changed\": {\"fields\": [\"Order\"]}}]"}}, {"model": "admin.logentry", "pk": 114, "fields": {"action_time": "2026-04-01T14:58:46.041Z", "user": 1, "content_type": 14, "object_id": "2", "object_repr": "Student Performance Analysis System", "action_flag": 2, "change_message": "[{\"changed\": {\"fields\": [\"Order\"]}}]"}}, {"model": "admin.logentry", "pk": 115, "fields": {"action_time": "2026-04-01T14:59:13.888Z", "user": 1, "content_type": 14, "object_id": "4", "object_repr": "Sweetora", "action_flag": 2, "change_message": "[{\"changed\": {\"fields\": [\"Order\"]}}]"}}, {"model": "admin.logentry", "pk": 116, "fields": {"action_time": "2026-04-01T14:59:13.889Z", "user": 1, "content_type": 14, "object_id": "3", "object_repr": "FitLance", "action_flag": 2, "change_message": "[{\"changed\": {\"fields\": [\"Order\"]}}]"}}, {"model": "admin.logentry", "pk": 117, "fields": {"action_time": "2026-04-01T15:01:04.343Z", "user": 1, "content_type": 14, "object_id": "4", "object_repr": "Sweetora", "action_flag": 2, "change_message": "[{\"changed\": {\"fields\": [\"Project url\"]}}]"}}, {"model": "admin.logentry", "pk": 118, "fields": {"action_time": "2026-04-01T15:07:02.641Z", "user": 1, "content_type": 14, "object_id": "4", "object_repr": "Sweetora", "action_flag": 2, "change_message": "[{\"changed\": {\"fields\": [\"Project url\"]}}]"}}, {"model": "admin.logentry", "pk": 119, "fields": {"action_time": "2026-04-01T15:07:23.235Z", "user": 1, "content_type": 14, "object_id": "4", "object_repr": "Sweetora", "action_flag": 2, "change_message": "[{\"changed\": {\"fields\": [\"Project url\"]}}]"}}, {"model": "admin.logentry", "pk": 120, "fields": {"action_time": "2026-04-01T15:22:00.320Z", "user": 1, "content_type": 14, "object_id": "3", "object_repr": "FitLance", "action_flag": 2, "change_message": "[{\"changed\": {\"fields\": [\"Project image\"]}}, {\"added\": {\"name\": \"Project detail image\", \"object\": \"FitLance image 6\"}}, {\"added\": {\"name\": \"Project detail image\", \"object\": \"FitLance image 7\"}}]"}}, {"model": "admin.logentry", "pk": 121, "fields": {"action_time": "2026-04-01T15:29:35.076Z", "user": 1, "content_type": 14, "object_id": "3", "object_repr": "FitLance", "action_flag": 2, "change_message": "[{\"added\": {\"name\": \"Project detail image\", \"object\": \"FitLance image 8\"}}, {\"added\": {\"name\": \"Project detail image\", \"object\": \"FitLance image 9\"}}, {\"added\": {\"name\": \"Project detail image\", \"object\": \"FitLance image 10\"}}, {\"added\": {\"name\": \"Project detail image\", \"object\": \"FitLance image 11\"}}]"}}, {"model": "admin.logentry", "pk": 122, "fields": {"action_time": "2026-04-01T15:30:13.778Z", "user": 1, "content_type": 14, "object_id": "3", "object_repr": "FitLance", "action_flag": 2, "change_message": "[{\"changed\": {\"fields\": [\"Order\"]}}]"}}, {"model": "admin.logentry", "pk": 123, "fields": {"action_time": "2026-04-01T15:30:13.779Z", "user": 1, "content_type": 14, "object_id": "4", "object_repr": "Sweetora", "action_flag": 2, "change_message": "[{\"changed\": {\"fields\": [\"Order\"]}}]"}}, {"model": "admin.logentry", "pk": 124, "fields": {"action_time": "2026-04-01T15:30:13.779Z", "user": 1, "content_type": 14, "object_id": "5", "object_repr": "Drop", "action_flag": 2, "change_message": "[{\"changed\": {\"fields\": [\"Order\"]}}]"}}, {"model": "admin.logentry", "pk": 125, "fields": {"action_time": "2026-04-01T15:30:13.780Z", "user": 1, "content_type": 14, "object_id": "1", "object_repr": "Company Website", "action_flag": 2, "change_message": "[{\"changed\": {\"fields\": [\"Order\"]}}]"}}, {"model": "admin.logentry", "pk": 126, "fields": {"action_time": "2026-04-01T15:30:13.780Z", "user": 1, "content_type": 14, "object_id": "2", "object_repr": "Student Performance Analysis System", "action_flag": 2, "change_message": "[{\"changed\": {\"fields\": [\"Order\"]}}]"}}, {"model": "admin.logentry", "pk": 127, "fields": {"action_time": "2026-04-01T15:31:09.446Z", "user": 1, "content_type": 14, "object_id": "4", "object_repr": "Sweetora", "action_flag": 2, "change_message": "[{\"changed\": {\"fields\": [\"Github url\"]}}]"}}, {"model": "admin.logentry", "pk": 128, "fields": {"action_time": "2026-04-01T15:34:11.174Z", "user": 1, "content_type": 14, "object_id": "4", "object_repr": "Sweetora", "action_flag": 2, "change_message": "[{\"changed\": {\"fields\": [\"Project image\"]}}, {\"added\": {\"name\": \"Project detail image\", \"object\": \"Sweetora image 12\"}}, {\"added\": {\"name\": \"Project detail image\", \"object\": \"Sweetora image 13\"}}, {\"added\": {\"name\": \"Project detail image\", \"object\": \"Sweetora image 14\"}}]"}}, {"model": "admin.logentry", "pk": 129, "fields": {"action_time": "2026-04-01T15:34:59.123Z", "user": 1, "content_type": 14, "object_id": "4", "object_repr": "Sweetora", "action_flag": 3, "change_message": ""}}, {"model": "admin.logentry", "pk": 130, "fields": {"action_time": "2026-04-01T15:38:02.830Z", "user": 1, "content_type": 14, "object_id": "6", "object_repr": "Sweetora", "action_flag": 2, "change_message": "[{\"changed\": {\"fields\": [\"Project image\"]}}, {\"added\": {\"name\": \"Project detail image\", \"object\": \"Sweetora image 15\"}}, {\"added\": {\"name\": \"Project detail image\", \"object\": \"Sweetora image 16\"}}, {\"added\": {\"name\": \"Project detail image\", \"object\": \"Sweetora image 17\"}}, {\"added\": {\"name\": \"Project detail image\", \"object\": \"Sweetora image 18\"}}]"}}, {"model": "admin.logentry", "pk": 131, "fields": {"action_time": "2026-04-01T15:38:19.285Z", "user": 1, "content_type": 14, "object_id": "6", "object_repr": "Sweetora", "action_flag": 2, "change_message": "[]"}}, {"model": "admin.logentry", "pk": 132, "fields": {"action_time": "2026-04-01T15:38:41.196Z", "user": 1, "content_type": 14, "object_id": "3", "object_repr": "FitLance", "action_flag": 2, "change_message": "[{\"changed\": {\"fields\": [\"Order\"]}}]"}}, {"model": "admin.logentry", "pk": 133, "fields": {"action_time": "2026-04-01T15:38:41.198Z", "user": 1, "content_type": 14, "object_id": "5", "object_repr": "Drop", "action_flag": 2, "change_message": "[{\"changed\": {\"fields\": [\"Order\"]}}]"}}, {"model": "admin.logentry", "pk": 134, "fields": {"action_time": "2026-04-01T15:38:41.199Z", "user": 1, "content_type": 14, "object_id": "1", "object_repr": "Company Website", "action_flag": 2, "change_message": "[{\"changed\": {\"fields\": [\"Order\"]}}]"}}, {"model": "admin.logentry", "pk": 135, "fields": {"action_time": "2026-04-01T15:38:41.199Z", "user": 1, "content_type": 14, "object_id": "2", "object_repr": "Student Performance Analysis System", "action_flag": 2, "change_message": "[{\"changed\": {\"fields\": [\"Order\"]}}]"}}, {"model": "admin.logentry", "pk": 136, "fields": {"action_time": "2026-04-01T15:40:05.731Z", "user": 1, "content_type": 14, "object_id": "6", "object_repr": "Sweetora", "action_flag": 2, "change_message": "[{\"changed\": {\"fields\": [\"Github url\"]}}]"}}, {"model": "admin.logentry", "pk": 137, "fields": {"action_time": "2026-04-01T15:40:29.232Z", "user": 1, "content_type": 14, "object_id": "3", "object_repr": "FitLance", "action_flag": 2, "change_message": "[{\"changed\": {\"fields\": [\"Github url\"]}}]"}}, {"model": "admin.logentry", "pk": 138, "fields": {"action_time": "2026-04-01T15:42:25.593Z", "user": 1, "content_type": 14, "object_id": "1", "object_repr": "Company Website", "action_flag": 2, "change_message": "[{\"changed\": {\"fields\": [\"Order\"]}}]"}}, {"model": "admin.logentry", "pk": 139, "fields": {"action_time": "2026-04-01T15:42:39.164Z", "user": 1, "content_type": 14, "object_id": "6", "object_repr": "Sweetora", "action_flag": 2, "change_message": "[{\"changed\": {\"fields\": [\"Order\"]}}]"}}, {"model": "admin.logentry", "pk": 140, "fields": {"action_time": "2026-04-01T15:55:22.965Z", "user": 1, "content_type": 10, "object_id": "7", "object_repr": "Arjun Singh - xxz", "action_flag": 3, "change_message": ""}}, {"model": "admin.logentry", "pk": 141, "fields": {"action_time": "2026-04-01T15:55:22.965Z", "user": 1, "content_type": 10, "object_id": "6", "object_repr": "Rahul Kumar - xxz", "action_flag": 3, "change_message": ""}}, {"model": "admin.logentry", "pk": 142, "fields": {"action_time": "2026-04-01T15:55:22.965Z", "user": 1, "content_type": 10, "object_id": "5", "object_repr": "Arjun Singh - xxz", "action_flag": 3, "change_message": ""}}, {"model": "admin.logentry", "pk": 143, "fields": {"action_time": "2026-04-01T15:58:05.931Z", "user": 1, "content_type": 15, "object_id": "1", "object_repr": "Arjun Singh", "action_flag": 2, "change_message": "[{\"changed\": {\"fields\": [\"Show theme toggle\"]}}]"}}, {"model": "admin.logentry", "pk": 144, "fields": {"action_time": "2026-04-01T15:58:35.177Z", "user": 1, "content_type": 14, "object_id": "3", "object_repr": "FitLance", "action_flag": 2, "change_message": "[{\"changed\": {\"fields\": [\"Order\"]}}]"}}, {"model": "admin.logentry", "pk": 145, "fields": {"action_time": "2026-04-01T15:58:35.178Z", "user": 1, "content_type": 14, "object_id": "6", "object_repr": "Sweetora", "action_flag": 2, "change_message": "[{\"changed\": {\"fields\": [\"Order\"]}}]"}}, {"model": "admin.logentry", "pk": 146, "fields": {"action_time": "2026-04-01T15:58:35.179Z", "user": 1, "content_type": 14, "object_id": "5", "object_repr": "Drop", "action_flag": 2, "change_message": "[{\"changed\": {\"fields\": [\"Order\"]}}]"}}, {"model": "admin.logentry", "pk": 147, "fields": {"action_time": "2026-04-01T15:58:35.180Z", "user": 1, "content_type": 14, "object_id": "1", "object_repr": "Company Website", "action_flag": 2, "change_message": "[{\"changed\": {\"fields\": [\"Order\"]}}]"}}, {"model": "admin.logentry", "pk": 148, "fields": {"action_time": "2026-04-01T15:58:35.181Z", "user": 1, "content_type": 14, "object_id": "2", "object_repr": "Student Performance Analysis System", "action_flag": 2, "change_message": "[{\"changed\": {\"fields\": [\"Order\"]}}]"}}, {"model": "admin.logentry", "pk": 149, "fields": {"action_time": "2026-04-01T16:03:26.158Z", "user": 1, "content_type": 15, "object_id": "1", "object_repr": "Arjun Singh", "action_flag": 2, "change_message": "[]"}}, {"model": "admin.logentry", "pk": 150, "fields": {"action_time": "2026-04-08T14:40:31.361Z", "user": 1, "content_type": 14, "object_id": "6", "object_repr": "Sweetora", "action_flag": 2, "change_message": "[{\"changed\": {\"fields\": [\"Github url\"]}}]"}}, {"model": "admin.logentry", "pk": 151, "fields": {"action_time": "2026-04-08T14:45:13.800Z", "user": 1, "content_type": 15, "object_id": "1", "object_repr": "Arjun Singh", "action_flag": 2, "change_message": "[{\"changed\": {\"fields\": [\"Show theme toggle\"]}}]"}}, {"model": "admin.logentry", "pk": 152, "fields": {"action_time": "2026-04-08T15:49:53.101Z", "user": 1, "content_type": 15, "object_id": "1", "object_repr": "Arjun Singh", "action_flag": 2, "change_message": "[{\"changed\": {\"fields\": [\"Show theme toggle\", \"Is active\"]}}]"}}, {"model": "admin.logentry", "pk": 153, "fields": {"action_time": "2026-04-08T15:50:11.770Z", "user": 1, "content_type": 15, "object_id": "1", "object_repr": "Arjun Singh", "action_flag": 2, "change_message": "[{\"changed\": {\"fields\": [\"Show theme toggle\"]}}]"}}, {"model": "admin.logentry", "pk": 154, "fields": {"action_time": "2026-04-08T15:50:25.133Z", "user": 1, "content_type": 15, "object_id": "1", "object_repr": "Arjun Singh", "action_flag": 2, "change_message": "[{\"changed\": {\"fields\": [\"Is active\"]}}]"}}, {"model": "admin.logentry", "pk": 155, "fields": {"action_time": "2026-04-08T15:51:09.720Z", "user": 1, "content_type": 15, "object_id": "1", "object_repr": "Arjun Singh", "action_flag": 2, "change_message": "[]"}}, {"model": "admin.logentry", "pk": 156, "fields": {"action_time": "2026-04-08T15:51:49.069Z", "user": 1, "content_type": 15, "object_id": "1", "object_repr": "Arjun Singh", "action_flag": 2, "change_message": "[{\"changed\": {\"fields\": [\"Is active\"]}}]"}}, {"model": "admin.logentry", "pk": 157, "fields": {"action_time": "2026-04-08T15:52:00.838Z", "user": 1, "content_type": 15, "object_id": "1", "object_repr": "Arjun Singh", "action_flag": 2, "change_message": "[{\"changed\": {\"fields\": [\"Show theme toggle\"]}}]"}}, {"model": "admin.logentry", "pk": 158, "fields": {"action_time": "2026-04-08T15:52:06.754Z", "user": 1, "content_type": 15, "object_id": "1", "object_repr": "Arjun Singh", "action_flag": 2, "change_message": "[{\"changed\": {\"fields\": [\"Is active\"]}}]"}}, {"model": "admin.logentry", "pk": 159, "fields": {"action_time": "2026-04-08T15:52:21.146Z", "user": 1, "content_type": 15, "object_id": "1", "object_repr": "Arjun Singh", "action_flag": 2, "change_message": "[{\"changed\": {\"fields\": [\"Is active\"]}}]"}}, {"model": "admin.logentry", "pk": 160, "fields": {"action_time": "2026-04-08T15:53:04.828Z", "user": 1, "content_type": 15, "object_id": "1", "object_repr": "Arjun Singh", "action_flag": 2, "change_message": "[{\"changed\": {\"fields\": [\"Is active\"]}}]"}}, {"model": "admin.logentry", "pk": 161, "fields": {"action_time": "2026-04-08T15:53:15.422Z", "user": 1, "content_type": 15, "object_id": "1", "object_repr": "Arjun Singh", "action_flag": 2, "change_message": "[{\"changed\": {\"fields\": [\"Show theme toggle\", \"Is active\"]}}]"}}, {"model": "admin.logentry", "pk": 162, "fields": {"action_time": "2026-04-08T15:53:25.099Z", "user": 1, "content_type": 15, "object_id": "1", "object_repr": "Arjun Singh", "action_flag": 2, "change_message": "[{\"changed\": {\"fields\": [\"Is active\"]}}]"}}, {"model": "admin.logentry", "pk": 163, "fields": {"action_time": "2026-04-08T15:53:31.389Z", "user": 1, "content_type": 15, "object_id": "1", "object_repr": "Arjun Singh", "action_flag": 2, "change_message": "[{\"changed\": {\"fields\": [\"Show theme toggle\"]}}]"}}, {"model": "admin.logentry", "pk": 164, "fields": {"action_time": "2026-04-09T07:55:21.130Z", "user": 1, "content_type": 23, "object_id": "1", "object_repr": "Campaign planning", "action_flag": 1, "change_message": "[{\"added\": {}}]"}}, {"model": "admin.logentry", "pk": 165, "fields": {"action_time": "2026-04-09T07:55:39.436Z", "user": 1, "content_type": 23, "object_id": "1", "object_repr": "Campaign planning", "action_flag": 2, "change_message": "[{\"changed\": {\"fields\": [\"Scheduled for\"]}}]"}}, {"model": "admin.logentry", "pk": 166, "fields": {"action_time": "2026-04-09T07:57:10.596Z", "user": 1, "content_type": 23, "object_id": "1", "object_repr": "Campaign planning", "action_flag": 2, "change_message": "[{\"changed\": {\"fields\": [\"Scheduled for\"]}}]"}}, {"model": "admin.logentry", "pk": 167, "fields": {"action_time": "2026-04-09T07:59:54.564Z", "user": 1, "content_type": 23, "object_id": "1", "object_repr": "Campaign planning", "action_flag": 2, "change_message": "[]"}}, {"model": "auth.permission", "pk": 1, "fields": {"name": "Can add log entry", "content_type": 1, "codename": "add_logentry"}}, {"model": "auth.permission", "pk": 2, "fields": {"name": "Can change log entry", "content_type": 1, "codename": "change_logentry"}}, {"model": "auth.permission", "pk": 3, "fields": {"name": "Can delete log entry", "content_type": 1, "codename": "delete_logentry"}}, {"model": "auth.permission", "pk": 4, "fields": {"name": "Can view log entry", "content_type": 1, "codename": "view_logentry"}}, {"model": "auth.permission", "pk": 5, "fields": {"name": "Can add permission", "content_type": 2, "codename": "add_permission"}}, {"model": "auth.permission", "pk": 6, "fields": {"name": "Can change permission", "content_type": 2, "codename": "change_permission"}}, {"model": "auth.permission", "pk": 7, "fields": {"name": "Can delete permission", "content_type": 2, "codename": "delete_permission"}}, {"model": "auth.permission", "pk": 8, "fields": {"name": "Can view permission", "content_type": 2, "codename": "view_permission"}}, {"model": "auth.permission", "pk": 9, "fields": {"name": "Can add group", "content_type": 3, "codename": "add_group"}}, {"model": "auth.permission", "pk": 10, "fields": {"name": "Can change group", "content_type": 3, "codename": "change_group"}}, {"model": "auth.permission", "pk": 11, "fields": {"name": "Can delete group", "content_type": 3, "codename": "delete_group"}}, {"model": "auth.permission", "pk": 12, "fields": {"name": "Can view group", "content_type": 3, "codename": "view_group"}}, {"model": "auth.permission", "pk": 13, "fields": {"name": "Can add user", "content_type": 4, "codename": "add_user"}}, {"model": "auth.permission", "pk": 14, "fields": {"name": "Can change user", "content_type": 4, "codename": "change_user"}}, {"model": "auth.permission", "pk": 15, "fields": {"name": "Can delete user", "content_type": 4, "codename": "delete_user"}}, {"model": "auth.permission", "pk": 16, "fields": {"name": "Can view user", "content_type": 4, "codename": "view_user"}}, {"model": "auth.permission", "pk": 17, "fields": {"name": "Can add content type", "content_type": 5, "codename": "add_contenttype"}}, {"model": "auth.permission", "pk": 18, "fields": {"name": "Can change content type", "content_type": 5, "codename": "change_contenttype"}}, {"model": "auth.permission", "pk": 19, "fields": {"name": "Can delete content type", "content_type": 5, "codename": "delete_contenttype"}}, {"model": "auth.permission", "pk": 20, "fields": {"name": "Can view content type", "content_type": 5, "codename": "view_contenttype"}}, {"model": "auth.permission", "pk": 21, "fields": {"name": "Can add session", "content_type": 6, "codename": "add_session"}}, {"model": "auth.permission", "pk": 22, "fields": {"name": "Can change session", "content_type": 6, "codename": "change_session"}}, {"model": "auth.permission", "pk": 23, "fields": {"name": "Can delete session", "content_type": 6, "codename": "delete_session"}}, {"model": "auth.permission", "pk": 24, "fields": {"name": "Can view session", "content_type": 6, "codename": "view_session"}}, {"model": "auth.permission", "pk": 25, "fields": {"name": "Can add About section", "content_type": 7, "codename": "add_aboutsection"}}, {"model": "auth.permission", "pk": 26, "fields": {"name": "Can change About section", "content_type": 7, "codename": "change_aboutsection"}}, {"model": "auth.permission", "pk": 27, "fields": {"name": "Can delete About section", "content_type": 7, "codename": "delete_aboutsection"}}, {"model": "auth.permission", "pk": 28, "fields": {"name": "Can view About section", "content_type": 7, "codename": "view_aboutsection"}}, {"model": "auth.permission", "pk": 29, "fields": {"name": "Can add certification", "content_type": 8, "codename": "add_certification"}}, {"model": "auth.permission", "pk": 30, "fields": {"name": "Can change certification", "content_type": 8, "codename": "change_certification"}}, {"model": "auth.permission", "pk": 31, "fields": {"name": "Can delete certification", "content_type": 8, "codename": "delete_certification"}}, {"model": "auth.permission", "pk": 32, "fields": {"name": "Can view certification", "content_type": 8, "codename": "view_certification"}}, {"model": "auth.permission", "pk": 33, "fields": {"name": "Can add Contact information", "content_type": 9, "codename": "add_contactinformation"}}, {"model": "auth.permission", "pk": 34, "fields": {"name": "Can change Contact information", "content_type": 9, "codename": "change_contactinformation"}}, {"model": "auth.permission", "pk": 35, "fields": {"name": "Can delete Contact information", "content_type": 9, "codename": "delete_contactinformation"}}, {"model": "auth.permission", "pk": 36, "fields": {"name": "Can view Contact information", "content_type": 9, "codename": "view_contactinformation"}}, {"model": "auth.permission", "pk": 37, "fields": {"name": "Can add contact submission", "content_type": 10, "codename": "add_contactsubmission"}}, {"model": "auth.permission", "pk": 38, "fields": {"name": "Can change contact submission", "content_type": 10, "codename": "change_contactsubmission"}}, {"model": "auth.permission", "pk": 39, "fields": {"name": "Can delete contact submission", "content_type": 10, "codename": "delete_contactsubmission"}}, {"model": "auth.permission", "pk": 40, "fields": {"name": "Can view contact submission", "content_type": 10, "codename": "view_contactsubmission"}}, {"model": "auth.permission", "pk": 41, "fields": {"name": "Can add education", "content_type": 11, "codename": "add_education"}}, {"model": "auth.permission", "pk": 42, "fields": {"name": "Can change education", "content_type": 11, "codename": "change_education"}}, {"model": "auth.permission", "pk": 43, "fields": {"name": "Can delete education", "content_type": 11, "codename": "delete_education"}}, {"model": "auth.permission", "pk": 44, "fields": {"name": "Can view education", "content_type": 11, "codename": "view_education"}}, {"model": "auth.permission", "pk": 45, "fields": {"name": "Can add experience", "content_type": 12, "codename": "add_experience"}}, {"model": "auth.permission", "pk": 46, "fields": {"name": "Can change experience", "content_type": 12, "codename": "change_experience"}}, {"model": "auth.permission", "pk": 47, "fields": {"name": "Can delete experience", "content_type": 12, "codename": "delete_experience"}}, {"model": "auth.permission", "pk": 48, "fields": {"name": "Can view experience", "content_type": 12, "codename": "view_experience"}}, {"model": "auth.permission", "pk": 49, "fields": {"name": "Can add Hero section", "content_type": 13, "codename": "add_herosection"}}, {"model": "auth.permission", "pk": 50, "fields": {"name": "Can change Hero section", "content_type": 13, "codename": "change_herosection"}}, {"model": "auth.permission", "pk": 51, "fields": {"name": "Can delete Hero section", "content_type": 13, "codename": "delete_herosection"}}, {"model": "auth.permission", "pk": 52, "fields": {"name": "Can view Hero section", "content_type": 13, "codename": "view_herosection"}}, {"model": "auth.permission", "pk": 53, "fields": {"name": "Can add project", "content_type": 14, "codename": "add_project"}}, {"model": "auth.permission", "pk": 54, "fields": {"name": "Can change project", "content_type": 14, "codename": "change_project"}}, {"model": "auth.permission", "pk": 55, "fields": {"name": "Can delete project", "content_type": 14, "codename": "delete_project"}}, {"model": "auth.permission", "pk": 56, "fields": {"name": "Can view project", "content_type": 14, "codename": "view_project"}}, {"model": "auth.permission", "pk": 57, "fields": {"name": "Can add Site configuration", "content_type": 15, "codename": "add_siteconfiguration"}}, {"model": "auth.permission", "pk": 58, "fields": {"name": "Can change Site configuration", "content_type": 15, "codename": "change_siteconfiguration"}}, {"model": "auth.permission", "pk": 59, "fields": {"name": "Can delete Site configuration", "content_type": 15, "codename": "delete_siteconfiguration"}}, {"model": "auth.permission", "pk": 60, "fields": {"name": "Can view Site configuration", "content_type": 15, "codename": "view_siteconfiguration"}}, {"model": "auth.permission", "pk": 61, "fields": {"name": "Can add social media link", "content_type": 16, "codename": "add_socialmedialink"}}, {"model": "auth.permission", "pk": 62, "fields": {"name": "Can change social media link", "content_type": 16, "codename": "change_socialmedialink"}}, {"model": "auth.permission", "pk": 63, "fields": {"name": "Can delete social media link", "content_type": 16, "codename": "delete_socialmedialink"}}, {"model": "auth.permission", "pk": 64, "fields": {"name": "Can view social media link", "content_type": 16, "codename": "view_socialmedialink"}}, {"model": "auth.permission", "pk": 65, "fields": {"name": "Can add testimonial", "content_type": 17, "codename": "add_testimonial"}}, {"model": "auth.permission", "pk": 66, "fields": {"name": "Can change testimonial", "content_type": 17, "codename": "change_testimonial"}}, {"model": "auth.permission", "pk": 67, "fields": {"name": "Can delete testimonial", "content_type": 17, "codename": "delete_testimonial"}}, {"model": "auth.permission", "pk": 68, "fields": {"name": "Can view testimonial", "content_type": 17, "codename": "view_testimonial"}}, {"model": "auth.permission", "pk": 69, "fields": {"name": "Can add technical skill", "content_type": 18, "codename": "add_technicalskill"}}, {"model": "auth.permission", "pk": 70, "fields": {"name": "Can change technical skill", "content_type": 18, "codename": "change_technicalskill"}}, {"model": "auth.permission", "pk": 71, "fields": {"name": "Can delete technical skill", "content_type": 18, "codename": "delete_technicalskill"}}, {"model": "auth.permission", "pk": 72, "fields": {"name": "Can view technical skill", "content_type": 18, "codename": "view_technicalskill"}}, {"model": "auth.permission", "pk": 73, "fields": {"name": "Can add blog post", "content_type": 19, "codename": "add_blogpost"}}, {"model": "auth.permission", "pk": 74, "fields": {"name": "Can change blog post", "content_type": 19, "codename": "change_blogpost"}}, {"model": "auth.permission", "pk": 75, "fields": {"name": "Can delete blog post", "content_type": 19, "codename": "delete_blogpost"}}, {"model": "auth.permission", "pk": 76, "fields": {"name": "Can view blog post", "content_type": 19, "codename": "view_blogpost"}}, {"model": "auth.permission", "pk": 77, "fields": {"name": "Can add Page metadata", "content_type": 20, "codename": "add_pagemetadata"}}, {"model": "auth.permission", "pk": 78, "fields": {"name": "Can change Page metadata", "content_type": 20, "codename": "change_pagemetadata"}}, {"model": "auth.permission", "pk": 79, "fields": {"name": "Can delete Page metadata", "content_type": 20, "codename": "delete_pagemetadata"}}, {"model": "auth.permission", "pk": 80, "fields": {"name": "Can view Page metadata", "content_type": 20, "codename": "view_pagemetadata"}}, {"model": "auth.permission", "pk": 81, "fields": {"name": "Can add subscriber", "content_type": 21, "codename": "add_subscriber"}}, {"model": "auth.permission", "pk": 82, "fields": {"name": "Can change subscriber", "content_type": 21, "codename": "change_subscriber"}}, {"model": "auth.permission", "pk": 83, "fields": {"name": "Can delete subscriber", "content_type": 21, "codename": "delete_subscriber"}}, {"model": "auth.permission", "pk": 84, "fields": {"name": "Can view subscriber", "content_type": 21, "codename": "view_subscriber"}}, {"model": "auth.permission", "pk": 85, "fields": {"name": "Can add Project detail image", "content_type": 22, "codename": "add_projectdetailimage"}}, {"model": "auth.permission", "pk": 86, "fields": {"name": "Can change Project detail image", "content_type": 22, "codename": "change_projectdetailimage"}}, {"model": "auth.permission", "pk": 87, "fields": {"name": "Can delete Project detail image", "content_type": 22, "codename": "delete_projectdetailimage"}}, {"model": "auth.permission", "pk": 88, "fields": {"name": "Can view Project detail image", "content_type": 22, "codename": "view_projectdetailimage"}}, {"model": "auth.permission", "pk": 89, "fields": {"name": "Can add email campaign", "content_type": 23, "codename": "add_emailcampaign"}}, {"model": "auth.permission", "pk": 90, "fields": {"name": "Can change email campaign", "content_type": 23, "codename": "change_emailcampaign"}}, {"model": "auth.permission", "pk": 91, "fields": {"name": "Can delete email campaign", "content_type": 23, "codename": "delete_emailcampaign"}}, {"model": "auth.permission", "pk": 92, "fields": {"name": "Can view email campaign", "content_type": 23, "codename": "view_emailcampaign"}}, {"model": "auth.permission", "pk": 93, "fields": {"name": "Can add email delivery", "content_type": 24, "codename": "add_emaildelivery"}}, {"model": "auth.permission", "pk": 94, "fields": {"name": "Can change email delivery", "content_type": 24, "codename": "change_emaildelivery"}}, {"model": "auth.permission", "pk": 95, "fields": {"name": "Can delete email delivery", "content_type": 24, "codename": "delete_emaildelivery"}}, {"model": "auth.permission", "pk": 96, "fields": {"name": "Can view email delivery", "content_type": 24, "codename": "view_emaildelivery"}}, {"model": "auth.user", "pk": 1, "fields": {"password": "pbkdf2_sha256$1000000$kyD0lH1JnrTRqne0MZ4UuO$JOtAg2PzanSKhUiVGJmQTAh7kIXdw/aYpIkaC68I9NM=", "last_login": "2026-05-04T17:14:37.398Z", "is_superuser": true, "username": "arjunjossan", "first_name": "", "last_name": "", "email": "arjun242042@gmail.com", "is_staff": true, "is_active": true, "date_joined": "2026-03-30T09:52:47.679Z", "groups": [], "user_permissions": []}}, {"model": "contenttypes.contenttype", "pk": 1, "fields": {"app_label": "admin", "model": "logentry"}}, {"model": "contenttypes.contenttype", "pk": 2, "fields": {"app_label": "auth", "model": "permission"}}, {"model": "contenttypes.contenttype", "pk": 3, "fields": {"app_label": "auth", "model": "group"}}, {"model": "contenttypes.contenttype", "pk": 4, "fields": {"app_label": "auth", "model": "user"}}, {"model": "contenttypes.contenttype", "pk": 5, "fields": {"app_label": "contenttypes", "model": "contenttype"}}, {"model": "contenttypes.contenttype", "pk": 6, "fields": {"app_label": "sessions", "model": "session"}}, {"model": "contenttypes.contenttype", "pk": 7, "fields": {"app_label": "portfolio_app", "model": "aboutsection"}}, {"model": "contenttypes.contenttype", "pk": 8, "fields": {"app_label": "portfolio_app", "model": "certification"}}, {"model": "contenttypes.contenttype", "pk": 9, "fields": {"app_label": "portfolio_app", "model": "contactinformation"}}, {"model": "contenttypes.contenttype", "pk": 10, "fields": {"app_label": "portfolio_app", "model": "contactsubmission"}}, {"model": "contenttypes.contenttype", "pk": 11, "fields": {"app_label": "portfolio_app", "model": "education"}}, {"model": "contenttypes.contenttype", "pk": 12, "fields": {"app_label": "portfolio_app", "model": "experience"}}, {"model": "contenttypes.contenttype", "pk": 13, "fields": {"app_label": "portfolio_app", "model": "herosection"}}, {"model": "contenttypes.contenttype", "pk": 14, "fields": {"app_label": "portfolio_app", "model": "project"}}, {"model": "contenttypes.contenttype", "pk": 15, "fields": {"app_label": "portfolio_app", "model": "siteconfiguration"}}, {"model": "contenttypes.contenttype", "pk": 16, "fields": {"app_label": "portfolio_app", "model": "socialmedialink"}}, {"model": "contenttypes.contenttype", "pk": 17, "fields": {"app_label": "portfolio_app", "model": "testimonial"}}, {"model": "contenttypes.contenttype", "pk": 18, "fields": {"app_label": "portfolio_app", "model": "technicalskill"}}, {"model": "contenttypes.contenttype", "pk": 19, "fields": {"app_label": "portfolio_app", "model": "blogpost"}}, {"model": "contenttypes.contenttype", "pk": 20, "fields": {"app_label": "portfolio_app", "model": "pagemetadata"}}, {"model": "contenttypes.contenttype", "pk": 21, "fields": {"app_label": "portfolio_app", "model": "subscriber"}}, {"model": "contenttypes.contenttype", "pk": 22, "fields": {"app_label": "portfolio_app", "model": "projectdetailimage"}}, {"model": "contenttypes.contenttype", "pk": 23, "fields": {"app_label": "portfolio_app", "model": "emailcampaign"}}, {"model": "contenttypes.contenttype", "pk": 24, "fields": {"app_label": "portfolio_app", "model": "emaildelivery"}}, {"model": "sessions.session", "pk": "b6qyxffd8q1tb7jt88h7roatx14zyid7", "fields": {"session_data": ".eJxVjMsOwiAQRf-FtSHA8Cgu3fsNZIBBqgaS0q6M_65NutDtPefcFwu4rTVsg5YwZ3Zmkp1-t4jpQW0H-Y7t1nnqbV3myHeFH3Twa8_0vBzu30HFUb-1g2JE1AKUxGghS6BUphgTCaNJKkGFpHY2G-OdB138BFoZtBIxG0fs_QHaADeZ:1wAkCu:sZ2O9ufdPWVWI03DbUCnFw6cmnqX_CM_Dmn5XlgHU1Q", "expire_date": "2026-04-23T07:53:44.544Z"}}, {"model": "sessions.session", "pk": "h7yz0xx8kwz38lfyye6j00ppx7k041li", "fields": {"session_data": ".eJxVjMsOwiAQRf-FtSHA8Cgu3fsNZIBBqgaS0q6M_65NutDtPefcFwu4rTVsg5YwZ3Zmkp1-t4jpQW0H-Y7t1nnqbV3myHeFH3Twa8_0vBzu30HFUb-1g2JE1AKUxGghS6BUphgTCaNJKkGFpHY2G-OdB138BFoZtBIxG0fs_QHaADeZ:1wAkCu:sZ2O9ufdPWVWI03DbUCnFw6cmnqX_CM_Dmn5XlgHU1Q", "expire_date": "2026-04-23T07:53:44.539Z"}}, {"model": "sessions.session", "pk": "kw9y8utmpjireyrcyoh6sk7rrpk5z1g9", "fields": {"session_data": ".eJxVjMsOwiAQRf-FtSHA8Cgu3fsNZIBBqgaS0q6M_65NutDtPefcFwu4rTVsg5YwZ3Zmkp1-t4jpQW0H-Y7t1nnqbV3myHeFH3Twa8_0vBzu30HFUb-1g2JE1AKUxGghS6BUphgTCaNJKkGFpHY2G-OdB138BFoZtBIxG0fs_QHaADeZ:1wAUja:lshm0b8QUhtJIRdeVpLEAZAt5O7N0vHHLIIdljYuh3Y", "expire_date": "2026-04-22T15:22:26.828Z"}}, {"model": "sessions.session", "pk": "zfaedps53qz9dxl4h3c6vl899acg3pg5", "fields": {"session_data": ".eJxVjMsOwiAQRf-FtSHA8Cgu3fsNZIBBqgaS0q6M_65NutDtPefcFwu4rTVsg5YwZ3Zmkp1-t4jpQW0H-Y7t1nnqbV3myHeFH3Twa8_0vBzu30HFUb-1g2JE1AKUxGghS6BUphgTCaNJKkGFpHY2G-OdB138BFoZtBIxG0fs_QHaADeZ:1wJwsP:bsMqgqf8CkEEbGFscHKOSjUYDtPB4DysNuEoOY3WW38", "expire_date": "2026-05-18T17:14:37.399Z"}}, {"model": "portfolio_app.siteconfiguration", "pk": 1, "fields": {"site_name": "Arjun Singh", "logo_text": "AS", "seo_title": "Arjun Singh | Django Developer Portfolio", "seo_description": "Computer Science graduate with experience in Python, Django, full-stack development, scalable web applications, and data-driven systems.", "seo_keywords": "Arjun Singh, Django, Python, full-stack developer, portfolio, data science, information technology", "accent_text": "Developer portfolio", "availability_status": "Open to roles, internships, and technical collaborations", "footer_note": "Built with Django to present projects, experience, and technical strengths with clarity.", "resume_label": "Download Resume", "show_theme_toggle": false, "is_active": true}}, {"model": "portfolio_app.herosection", "pk": 1, "fields": {"title": "Hi, I'm Arjun Singh", "subtitle": "Computer Science graduate focused on Python, Django, scalable web systems, and data-driven problem solving. I enjoy building reliable applications that solve real business and user needs.", "headline_image": "profile/hero/IMG_8110_Background_Removed_Xf6jugS.png", "cover_label": "Developer portfolio", "cover_heading": "Arjun Singh", "cover_caption": "Open to roles, interships, and technical collaborations", "cover_style": "classic", "cover_label_font": "editorial", "cover_heading_font": "editorial", "cover_caption_font": "editorial", "cover_text_opacity": 30, "cover_heading_offset_x": 0, "cover_heading_offset_y": 0, "cta_button_text": "View My Work", "cta_button_url": "#projects", "secondary_button_text": "Get In Touch", "secondary_button_url": "#contact", "is_active": true}}, {"model": "portfolio_app.aboutsection", "pk": 1, "fields": {"title": "Building practical software with a product and systems mindset", "description": "I am a Computer Science graduate with hands-on experience in full-stack development, backend systems, and technical operations. My recent work has centered on building Django-powered applications, improving workflows, and translating real requirements into maintainable software.", "profile_image": "profile/about/IMG_8110_Background_Removed.png", "background_summary": "My academic and project work has strengthened my interest in backend engineering, cloud-ready applications, and data-informed systems. I am focused on growing as a developer by taking on meaningful technical challenges and building dependable software.", "quick_facts": {"projects_completed": "2+", "years_in_tech": "4+", "professional_roles": "2", "cgpa": "7.6"}, "masters_goals": "I want to keep deepening my understanding of scalable systems, data-driven applications, and strong software engineering practice. My goal is to grow through hands-on work, better system design, and consistent delivery of useful products.", "is_active": true}}, {"model": "portfolio_app.technicalskill", "pk": 1, "fields": {"is_active": true, "order": 1, "created_at": "2026-03-30T09:55:37.774Z", "updated_at": "2026-04-01T15:57:14.559Z", "category": "Backend", "skill_name": "Python", "proficiency_level": 5, "icon": "fa-brands fa-python", "description": "Applied Python in projects and practical portfolio work.", "years_of_experience": 2}}, {"model": "portfolio_app.technicalskill", "pk": 2, "fields": {"is_active": true, "order": 2, "created_at": "2026-03-30T09:55:37.776Z", "updated_at": "2026-04-01T15:57:14.560Z", "category": "Backend", "skill_name": "Django", "proficiency_level": 5, "icon": "fa-solid fa-server", "description": "Applied Django in projects and practical portfolio work.", "years_of_experience": 2}}, {"model": "portfolio_app.technicalskill", "pk": 3, "fields": {"is_active": true, "order": 3, "created_at": "2026-03-30T09:55:37.777Z", "updated_at": "2026-04-01T15:57:14.561Z", "category": "Backend", "skill_name": "SQL", "proficiency_level": 4, "icon": "fa-solid fa-database", "description": "Applied SQL in projects and practical portfolio work.", "years_of_experience": 2}}, {"model": "portfolio_app.technicalskill", "pk": 4, "fields": {"is_active": true, "order": 4, "created_at": "2026-03-30T09:55:37.778Z", "updated_at": "2026-04-01T15:57:14.562Z", "category": "Backend", "skill_name": "C++", "proficiency_level": 3, "icon": "fa-solid fa-code", "description": "Applied C++ in projects and practical portfolio work.", "years_of_experience": 2}}, {"model": "portfolio_app.technicalskill", "pk": 5, "fields": {"is_active": true, "order": 5, "created_at": "2026-03-30T09:55:37.779Z", "updated_at": "2026-04-01T15:57:14.562Z", "category": "Frontend", "skill_name": "React", "proficiency_level": 4, "icon": "fa-brands fa-react", "description": "Applied React in projects and practical portfolio work.", "years_of_experience": 2}}, {"model": "portfolio_app.technicalskill", "pk": 6, "fields": {"is_active": true, "order": 6, "created_at": "2026-03-30T09:55:37.780Z", "updated_at": "2026-04-01T15:57:14.563Z", "category": "Frontend", "skill_name": "WordPress", "proficiency_level": 3, "icon": "fa-brands fa-wordpress", "description": "Applied WordPress in projects and practical portfolio work.", "years_of_experience": 2}}, {"model": "portfolio_app.technicalskill", "pk": 7, "fields": {"is_active": true, "order": 7, "created_at": "2026-03-30T09:55:37.781Z", "updated_at": "2026-04-01T15:57:14.564Z", "category": "Tools", "skill_name": "Git", "proficiency_level": 4, "icon": "fa-brands fa-git-alt", "description": "Applied Git in projects and practical portfolio work.", "years_of_experience": 2}}, {"model": "portfolio_app.technicalskill", "pk": 8, "fields": {"is_active": true, "order": 8, "created_at": "2026-03-30T09:55:37.783Z", "updated_at": "2026-04-01T15:57:14.565Z", "category": "Tools", "skill_name": "Docker", "proficiency_level": 4, "icon": "fa-brands fa-docker", "description": "Applied Docker in projects and practical portfolio work.", "years_of_experience": 2}}, {"model": "portfolio_app.technicalskill", "pk": 9, "fields": {"is_active": true, "order": 9, "created_at": "2026-03-30T09:55:37.784Z", "updated_at": "2026-04-01T15:57:14.565Z", "category": "Cloud", "skill_name": "Google Cloud Platform", "proficiency_level": 3, "icon": "fa-brands fa-google", "description": "Applied Google Cloud Platform in projects and practical portfolio work.", "years_of_experience": 1}}, {"model": "portfolio_app.technicalskill", "pk": 10, "fields": {"is_active": true, "order": 10, "created_at": "2026-03-30T09:55:37.785Z", "updated_at": "2026-04-01T15:57:14.566Z", "category": "Tools", "skill_name": "VS Code", "proficiency_level": 5, "icon": "fa-solid fa-laptop-code", "description": "Applied VS Code in projects and practical portfolio work.", "years_of_experience": 2}}, {"model": "portfolio_app.technicalskill", "pk": 11, "fields": {"is_active": true, "order": 11, "created_at": "2026-03-30T09:55:37.786Z", "updated_at": "2026-04-01T15:57:14.567Z", "category": "Tools", "skill_name": "Visual Studio", "proficiency_level": 4, "icon": "fa-solid fa-code-branch", "description": "Applied Visual Studio in projects and practical portfolio work.", "years_of_experience": 2}}, {"model": "portfolio_app.technicalskill", "pk": 12, "fields": {"is_active": true, "order": 12, "created_at": "2026-03-30T09:55:37.787Z", "updated_at": "2026-04-01T15:57:14.568Z", "category": "Data Analysis", "skill_name": "Pandas", "proficiency_level": 4, "icon": "fa-solid fa-chart-line", "description": "Applied Pandas in projects and practical portfolio work.", "years_of_experience": 2}}, {"model": "portfolio_app.technicalskill", "pk": 13, "fields": {"is_active": true, "order": 13, "created_at": "2026-03-30T09:55:37.788Z", "updated_at": "2026-04-01T15:57:14.569Z", "category": "Data Analysis", "skill_name": "NumPy", "proficiency_level": 3, "icon": "fa-solid fa-calculator", "description": "Applied NumPy in projects and practical portfolio work.", "years_of_experience": 1}}, {"model": "portfolio_app.technicalskill", "pk": 14, "fields": {"is_active": true, "order": 14, "created_at": "2026-03-30T09:55:37.789Z", "updated_at": "2026-04-01T15:57:14.569Z", "category": "Data Analysis", "skill_name": "Matplotlib", "proficiency_level": 3, "icon": "fa-solid fa-chart-column", "description": "Applied Matplotlib in projects and practical portfolio work.", "years_of_experience": 1}}, {"model": "portfolio_app.technicalskill", "pk": 15, "fields": {"is_active": true, "order": 15, "created_at": "2026-03-30T09:55:37.790Z", "updated_at": "2026-04-01T15:57:14.570Z", "category": "Backend", "skill_name": "PostgreSQL", "proficiency_level": 4, "icon": "fa-solid fa-database", "description": "Applied PostgreSQL in projects and practical portfolio work.", "years_of_experience": 2}}, {"model": "portfolio_app.technicalskill", "pk": 16, "fields": {"is_active": true, "order": 16, "created_at": "2026-03-30T09:55:37.791Z", "updated_at": "2026-04-01T15:57:14.571Z", "category": "Backend", "skill_name": "SQLite", "proficiency_level": 4, "icon": "fa-solid fa-database", "description": "Applied SQLite in projects and practical portfolio work.", "years_of_experience": 2}}, {"model": "portfolio_app.project", "pk": 1, "fields": {"is_active": true, "order": 2, "created_at": "2026-03-30T09:55:37.793Z", "updated_at": "2026-04-01T15:58:35.180Z", "title": "Company Website", "description": "A Django and React based company platform that improved digital presence and inquiry management.", "project_image": "projects/Screenshot_2026-03-31_at_8.11.11PM.png", "technologies_used": ["Python", "Django", "React", "PostgreSQL"], "project_url": "https://www.fivenineconsultanciespvtltd.com/", "github_url": "https://github.com/arjunjossan/Five-Nine-Consultancies-PVT-LTD.git", "start_date": "2025-05-01", "end_date": "2025-08-01", "is_featured": true, "status": "Completed", "category": "Full-Stack", "detailed_description": "Developed a full-stack company website using Django and React to improve digital presence, centralize service information, and streamline inquiry handling. The project included an admin-focused workflow with optimized backend performance and secure database handling.", "key_features": ["Admin dashboard to manage client inquiries and services efficiently", "Responsive full-stack interface built with Django and React", "Optimized backend performance with secure PostgreSQL integration"], "lessons_learned": "This project strengthened my understanding of full-stack architecture, deployment readiness, admin workflow design, and the tradeoffs involved in building maintainable business applications.", "slug": "company-website"}}, {"model": "portfolio_app.project", "pk": 2, "fields": {"is_active": true, "order": 1, "created_at": "2026-03-30T09:55:37.795Z", "updated_at": "2026-04-01T15:58:35.181Z", "title": "Student Performance Analysis System", "description": "A data analysis project using Pandas and Matplotlib to uncover student performance trends.", "project_image": "projects/Screenshot_2026-04-01_at_5.51.40PM.png", "technologies_used": ["Pandas", "NumPy", "Matplotlib"], "project_url": "https://student-analytics-v5ym.onrender.com/", "github_url": "https://github.com/arjunjossan/student-analytics.git", "start_date": "2025-11-01", "end_date": "2026-01-01", "is_featured": true, "status": "Completed", "category": "Data", "detailed_description": "Performed cleaning, preprocessing, and exploratory data analysis on student performance data to identify trends and generate subject-wise insights. Built visual summaries using Matplotlib to make patterns easier to interpret and communicate.", "key_features": ["Data cleaning and preprocessing pipeline using Pandas and NumPy", "Exploratory analysis for subject-wise performance trends", "Visualization dashboards using Matplotlib for decision-friendly insights"], "lessons_learned": "The project improved my confidence in structured analysis, communicating results visually, and connecting raw data work to actionable insights.", "slug": "student-performance-analysis-system"}}, {"model": "portfolio_app.project", "pk": 3, "fields": {"is_active": true, "order": 3, "created_at": "2026-04-01T13:00:45.251Z", "updated_at": "2026-04-01T15:58:35.175Z", "title": "FitLance", "description": "A multi-tenant gym management SaaS for platform owners, gym owners, trainers, and clients with secure role-based dashboards and progress tracking.", "project_image": "projects/1.png", "technologies_used": ["React", "TypeScript", "Supabase", "PostgreSQL", "Tailwind CSS", "shadcn/ui", "Framer Motion", "Recharts"], "project_url": "https://fitlance.lovable.app", "github_url": "", "start_date": "2026-01-01", "end_date": null, "is_featured": true, "status": "Completed", "category": "Full-Stack", "detailed_description": "Built FitLance as a full-stack SaaS platform for gym operations, designed around four distinct user roles: platform owners, gym owners, trainers, and clients. The product combines workout and diet plan assignment, attendance, hydration tracking, progress analytics, and leaderboard features inside one role-based application. The backend uses Supabase with PostgreSQL Row-Level Security, RBAC through dedicated role tables and helper functions, and secure admin workflows through edge functions for privileged operations.", "key_features": ["Multi-tenant SaaS architecture with role-based dashboards for platform owners, gym owners, trainers, and clients", "Secure access control using PostgreSQL Row-Level Security, RBAC, and protected admin operations", "Workout and diet planning with per-exercise and per-meal progress tracking", "Hydration logging, attendance tracking, leaderboard logic, and chart-based progress analytics", "Subscription-ready structure for gym plans, limits, and platform-scale growth"], "lessons_learned": "This project deepened my understanding of SaaS product design, secure multi-tenant data access, role-aware UX, and the difference between scaffolding quickly and building reliable business logic. It also reinforced how important database design and authorization boundaries are in full-stack applications.", "slug": "fitlance"}}, {"model": "portfolio_app.project", "pk": 5, "fields": {"is_active": true, "order": 4, "created_at": "2026-04-01T15:09:28.053Z", "updated_at": "2026-04-01T15:58:35.179Z", "title": "Drop", "description": "A premium hydration and habit tracking app with gamification, smart reminders, weekly analytics, and a high-fidelity Flutter interface.", "project_image": "", "technologies_used": ["Flutter", "Dart", "Riverpod", "Firebase Auth", "Cloud Firestore", "Firebase Storage", "Shared Preferences", "fl_chart"], "project_url": "", "github_url": "", "start_date": "2025-10-01", "end_date": null, "is_featured": true, "status": "Completed", "category": "Full-Stack", "detailed_description": "Built Drop as a cross-platform hydration and habit tracking app focused on making daily health routines feel rewarding instead of repetitive. The app lets users log water intake against customizable daily goals, review weekly progress trends, manage profile data, and stay engaged through streaks, XP progression, unlockable badges, confetti celebrations, and contextual reminder notifications. It was created with Antigravity-assisted generation as part of the workflow, and I’m presenting it honestly as an AI-assisted app rather than pretending every part was hand-coded from zero. The product stack centers on Flutter with Riverpod for predictable state management, Firebase Authentication and Firestore for secure cloud sync, Firebase Storage for profile assets, and polished UI work using custom liquid-style animations, Material 3, and chart-driven analytics.", "key_features": ["Hydration logging with custom daily goals, quantity tracking, timestamps, and visual progress feedback", "Gamification system with streaks, XP progression, levels, and unlockable badges to encourage daily consistency", "Context-aware local notifications that adapt to progress, time of day, and goal completion state", "Weekly analytics dashboards powered by chart visualization to help users understand hydration patterns", "Premium Flutter UI with dark mode, glassmorphism styling, smooth transitions, and liquid-inspired micro-interactions"], "lessons_learned": "Drop reinforced the importance of being honest about AI-assisted development while still being clear about the value of product thinking, customization, UX decisions, and integration work. It also helped me better understand how to combine Flutter state management, Firebase services, local notifications, and polished motion design into a cohesive mobile experience.", "slug": "drop"}}, {"model": "portfolio_app.project", "pk": 6, "fields": {"is_active": true, "order": 5, "created_at": "2026-04-01T15:36:07.774Z", "updated_at": "2026-04-08T14:40:31.359Z", "title": "Sweetora", "description": "A premium gifting e-commerce platform with personalized checkout, phone-based authentication, admin commerce tooling, and production-grade email workflows.", "project_image": "projects/s1_DFgvMCe.png", "technologies_used": ["React", "TypeScript", "Supabase", "PostgreSQL", "Tailwind CSS", "TanStack Query", "Resend", "Deno Edge Functions"], "project_url": "https://sweetorashop.lovable.app", "github_url": "https://github.com/arjunjossan/sweetorashop.git", "start_date": "2025-12-01", "end_date": null, "is_featured": true, "status": "Completed", "category": "Full-Stack", "detailed_description": "Built Sweetora as a full-stack gifting commerce platform focused on a more personalized buying experience. The app combines curated product discovery, custom gifting options like love messages, scheduled delivery, and premium gift wrapping, along with a mobile-friendly storefront, multi-step checkout, and a full admin dashboard for product, order, category, and shop settings management. On the backend, it uses Supabase with PostgreSQL Row-Level Security, RBAC, edge functions, and a Resend-powered email system for transactional updates, marketing campaigns, unsubscribe flows, and send queue processing.", "key_features": ["Personalized gifting flow with love messages, scheduled delivery dates, premium gift wrap, and dynamic price breakdowns", "Multi-step checkout with guest-to-user conversion through phone-based authentication alongside email and Google sign-in", "Admin dashboard for product CRUD, category management, order tracking, pricing settings, and subscriber operations", "Production-grade email infrastructure with transactional templates, campaign sending, suppression handling, and unsubscribe flows", "Secure commerce architecture using PostgreSQL RLS, RBAC, and server-side admin verification in edge functions"], "lessons_learned": "Sweetora strengthened my understanding of end-to-end commerce workflows, especially how product modeling, checkout state, authentication, and customer communication all connect. It also pushed me to think more deeply about email delivery reliability, admin tooling, and how to build polished business features on top of secure backend foundations.", "slug": "sweetora"}}, {"model": "portfolio_app.projectdetailimage", "pk": 1, "fields": {"is_active": true, "order": 0, "created_at": "2026-03-31T15:44:35.047Z", "updated_at": "2026-03-31T15:44:35.047Z", "project": 1, "image": "projects/details/Screenshot_2026-03-31_at_9.13.15PM.png", "alt_text": ""}}, {"model": "portfolio_app.projectdetailimage", "pk": 2, "fields": {"is_active": true, "order": 0, "created_at": "2026-03-31T15:44:35.047Z", "updated_at": "2026-03-31T15:44:35.047Z", "project": 1, "image": "projects/details/Screenshot_2026-03-31_at_9.14.27PM.png", "alt_text": ""}}, {"model": "portfolio_app.projectdetailimage", "pk": 3, "fields": {"is_active": true, "order": 0, "created_at": "2026-04-01T12:23:54.757Z", "updated_at": "2026-04-01T12:23:54.757Z", "project": 2, "image": "projects/details/Screenshot_2026-04-01_at_5.50.16PM.png", "alt_text": ""}}, {"model": "portfolio_app.projectdetailimage", "pk": 4, "fields": {"is_active": true, "order": 0, "created_at": "2026-04-01T12:23:54.760Z", "updated_at": "2026-04-01T12:23:54.760Z", "project": 2, "image": "projects/details/Screenshot_2026-04-01_at_5.52.05PM.png", "alt_text": ""}}, {"model": "portfolio_app.projectdetailimage", "pk": 5, "fields": {"is_active": true, "order": 0, "created_at": "2026-04-01T12:23:54.761Z", "updated_at": "2026-04-01T12:23:54.761Z", "project": 2, "image": "projects/details/Screenshot_2026-04-01_at_5.52.32PM.png", "alt_text": ""}}, {"model": "portfolio_app.projectdetailimage", "pk": 6, "fields": {"is_active": true, "order": 0, "created_at": "2026-04-01T15:22:00.317Z", "updated_at": "2026-04-01T15:22:00.317Z", "project": 3, "image": "projects/details/2.png", "alt_text": ""}}, {"model": "portfolio_app.projectdetailimage", "pk": 7, "fields": {"is_active": true, "order": 0, "created_at": "2026-04-01T15:22:00.318Z", "updated_at": "2026-04-01T15:22:00.318Z", "project": 3, "image": "projects/details/3.png", "alt_text": ""}}, {"model": "portfolio_app.projectdetailimage", "pk": 8, "fields": {"is_active": true, "order": 0, "created_at": "2026-04-01T15:29:35.073Z", "updated_at": "2026-04-01T15:29:35.073Z", "project": 3, "image": "projects/details/IMG_8779.PNG", "alt_text": ""}}, {"model": "portfolio_app.projectdetailimage", "pk": 9, "fields": {"is_active": true, "order": 0, "created_at": "2026-04-01T15:29:35.074Z", "updated_at": "2026-04-01T15:29:35.074Z", "project": 3, "image": "projects/details/IMG_8780.PNG", "alt_text": ""}}, {"model": "portfolio_app.projectdetailimage", "pk": 10, "fields": {"is_active": true, "order": 0, "created_at": "2026-04-01T15:29:35.075Z", "updated_at": "2026-04-01T15:29:35.075Z", "project": 3, "image": "projects/details/IMG_8781.PNG", "alt_text": ""}}, {"model": "portfolio_app.projectdetailimage", "pk": 11, "fields": {"is_active": true, "order": 0, "created_at": "2026-04-01T15:29:35.075Z", "updated_at": "2026-04-01T15:29:35.075Z", "project": 3, "image": "projects/details/IMG_8782.PNG", "alt_text": ""}}, {"model": "portfolio_app.projectdetailimage", "pk": 15, "fields": {"is_active": true, "order": 0, "created_at": "2026-04-01T15:38:02.827Z", "updated_at": "2026-04-01T15:38:02.827Z", "project": 6, "image": "projects/details/s2_0m4Bjvx.png", "alt_text": ""}}, {"model": "portfolio_app.projectdetailimage", "pk": 16, "fields": {"is_active": true, "order": 0, "created_at": "2026-04-01T15:38:02.828Z", "updated_at": "2026-04-01T15:38:02.828Z", "project": 6, "image": "projects/details/Screenshot_2026-04-01_at_9.07.31PM.png", "alt_text": ""}}, {"model": "portfolio_app.projectdetailimage", "pk": 17, "fields": {"is_active": true, "order": 0, "created_at": "2026-04-01T15:38:02.829Z", "updated_at": "2026-04-01T15:38:02.829Z", "project": 6, "image": "projects/details/s3_wKFyZbz.png", "alt_text": ""}}, {"model": "portfolio_app.projectdetailimage", "pk": 18, "fields": {"is_active": true, "order": 0, "created_at": "2026-04-01T15:38:02.829Z", "updated_at": "2026-04-01T15:38:02.829Z", "project": 6, "image": "projects/details/s4_2FoApzz.png", "alt_text": ""}}, {"model": "portfolio_app.experience", "pk": 1, "fields": {"is_active": true, "order": 1, "created_at": "2026-03-30T09:55:37.796Z", "updated_at": "2026-04-01T15:57:14.575Z", "job_title": "IT Supervisor", "company_name": "Five Nine Consultancies Pvt. Ltd.", "location": "Bareilly, Uttar Pradesh", "start_date": "2025-03-01", "end_date": null, "is_current": true, "description": "Working across website delivery, backend logic, hosting, debugging, and performance optimization to improve the company's digital workflow and service presence.", "key_responsibilities": ["Developed and deployed a company website serving 100+ users", "Built modules for client inquiries, services, and admin panel management", "Managed hosting, backend logic, debugging, and performance optimization"], "technologies_used": ["Django", "Python", "PostgreSQL", "Hosting", "Admin Systems"], "company_logo": ""}}, {"model": "portfolio_app.experience", "pk": 2, "fields": {"is_active": true, "order": 2, "created_at": "2026-03-30T09:55:37.797Z", "updated_at": "2026-04-01T15:57:14.577Z", "job_title": "Immigration Documentation Intern", "company_name": "Passion Trip Planner", "location": "Paliya, Uttar Pradesh", "start_date": "2024-07-01", "end_date": "2025-02-01", "is_current": false, "description": "Supported documentation operations and digital workflow improvements while assisting clients with submission-related queries.", "key_responsibilities": ["Managed digital records and supported transition to digital workflows", "Prepared documentation using Excel, Word, and Canva", "Assisted clients with technical queries during application submissions"], "technologies_used": ["Excel", "Word", "Canva", "Digital Records"], "company_logo": ""}}, {"model": "portfolio_app.education", "pk": 1, "fields": {"is_active": true, "order": 1, "created_at": "2026-03-30T09:55:37.799Z", "updated_at": "2026-04-01T15:57:14.579Z", "degree_name": "B.Tech", "institution_name": "Lovely Professional University", "location": "Punjab, India", "field_of_study": "Computer Science", "start_date": "2020-08-01", "end_date": "2024-05-01", "gpa_cgpa": "CGPA: 7.6", "highlights": ["Completed undergraduate studies in Computer Science", "Built a foundation in software development and backend systems", "Strengthened interest in scalable applications and data-driven technologies"], "relevant_coursework": ["Data Structures", "OOP", "Web Development", "Database Systems"], "institution_logo": ""}}, {"model": "portfolio_app.education", "pk": 2, "fields": {"is_active": true, "order": 2, "created_at": "2026-03-30T09:55:37.801Z", "updated_at": "2026-04-01T15:57:14.580Z", "degree_name": "12th Standard", "institution_name": "Guru Teg Bahadur Educational Academy", "location": "Shahjahanpur, Uttar Pradesh", "field_of_study": "Science (Non-Medical)", "start_date": "2019-04-01", "end_date": "2020-03-01", "gpa_cgpa": "Percentage: 68", "highlights": ["Completed higher secondary studies in science", "Built early grounding in analytical and technical subjects"], "relevant_coursework": ["Physics", "Mathematics", "Computer Fundamentals"], "institution_logo": ""}}, {"model": "portfolio_app.contactinformation", "pk": 1, "fields": {"email": "arjunsinghjossan@gmail.com", "phone": "+91 8737067071", "location": "Punjab / Uttar Pradesh, India", "resume_pdf": "documents/Arjun-Singh-CV.pdf", "cv_download_enabled": true, "is_active": true}}, {"model": "portfolio_app.socialmedialink", "pk": 1, "fields": {"is_active": true, "order": 1, "created_at": "2026-03-30T09:55:37.808Z", "updated_at": "2026-04-01T15:57:14.582Z", "platform": "LinkedIn", "profile_url": "https://linkedin.com/in/arjunsinghjossan", "icon_code": "fa-brands fa-linkedin-in"}}, {"model": "portfolio_app.socialmedialink", "pk": 2, "fields": {"is_active": true, "order": 2, "created_at": "2026-03-30T09:55:37.810Z", "updated_at": "2026-04-01T15:57:14.582Z", "platform": "GitHub", "profile_url": "https://github.com/arjunjossan", "icon_code": "fa-brands fa-github"}}, {"model": "portfolio_app.socialmedialink", "pk": 3, "fields": {"is_active": true, "order": 3, "created_at": "2026-03-30T09:55:37.812Z", "updated_at": "2026-04-01T15:57:14.583Z", "platform": "Email", "profile_url": "mailto:arjunsinghjossan@gmail.com", "icon_code": "fa-solid fa-envelope"}}, {"model": "portfolio_app.subscriber", "pk": 1, "fields": {"name": "Arjun Singh", "email": "arjun242042@gmail.com", "is_active": true, "subscribed_at": "2026-03-30T11:24:57.322Z", "unsubscribed_at": null, "unsubscribe_token": "6d36070a-e681-4a21-ad99-26115fd74887"}}, {"model": "portfolio_app.subscriber", "pk": 2, "fields": {"name": "", "email": "as0635535@gmail.com", "is_active": true, "subscribed_at": "2026-04-01T15:45:47.051Z", "unsubscribed_at": null, "unsubscribe_token": "188e0661-20a3-4d62-8e77-090aa9445b28"}}, {"model": "portfolio_app.subscriber", "pk": 3, "fields": {"name": "", "email": "as0635534@gmail.com", "is_active": true, "subscribed_at": "2026-04-01T15:53:15.889Z", "unsubscribed_at": null, "unsubscribe_token": "dd4842c4-4297-479d-8b9d-a83f2e48240c"}}]